-- phpMyAdmin SQL Dump
-- version 5.1.3
-- https://www.phpmyadmin.net/
--
-- Host: localhost
-- Generation Time: Mar 06, 2022 at 07:32 PM
-- Server version: 10.6.4-MariaDB
-- PHP Version: 7.4.27

SET SQL_MODE = "NO_AUTO_VALUE_ON_ZERO";
START TRANSACTION;
SET time_zone = "+00:00";


/*!40101 SET @OLD_CHARACTER_SET_CLIENT=@@CHARACTER_SET_CLIENT */;
/*!40101 SET @OLD_CHARACTER_SET_RESULTS=@@CHARACTER_SET_RESULTS */;
/*!40101 SET @OLD_COLLATION_CONNECTION=@@COLLATION_CONNECTION */;
/*!40101 SET NAMES utf8mb4 */;

--
-- Database: `pokemon-challenge`
--

-- --------------------------------------------------------

--
-- Table structure for table `colors`
--

CREATE TABLE `colors` (
  `id` bigint(20) UNSIGNED NOT NULL,
  `identifier` varchar(255) COLLATE utf8mb4_unicode_ci NOT NULL,
  `created_at` timestamp NULL DEFAULT NULL,
  `updated_at` timestamp NULL DEFAULT NULL
) ENGINE=InnoDB DEFAULT CHARSET=utf8mb4 COLLATE=utf8mb4_unicode_ci;

--
-- Dumping data for table `colors`
--

INSERT INTO `colors` (`id`, `identifier`, `created_at`, `updated_at`) VALUES
(1, 'black', '2022-03-04 23:00:00', '2022-03-04 23:00:00'),
(2, 'blue', '2022-03-04 23:00:00', '2022-03-04 23:00:00'),
(3, 'brown', '2022-03-04 23:00:00', '2022-03-04 23:00:00'),
(4, 'gray', '2022-03-04 23:00:00', '2022-03-04 23:00:00'),
(5, 'green', '2022-03-04 23:00:00', '2022-03-04 23:00:00'),
(6, 'pink', '2022-03-04 23:00:00', '2022-03-04 23:00:00'),
(7, 'purple', '2022-03-04 23:00:00', '2022-03-04 23:00:00'),
(8, 'red', '2022-03-04 23:00:00', '2022-03-04 23:00:00'),
(9, 'white', '2022-03-04 23:00:00', '2022-03-04 23:00:00'),
(10, 'yellow', '2022-03-04 23:00:00', '2022-03-04 23:00:00');

-- --------------------------------------------------------

--
-- Table structure for table `failed_jobs`
--

CREATE TABLE `failed_jobs` (
  `id` bigint(20) UNSIGNED NOT NULL,
  `uuid` varchar(255) COLLATE utf8mb4_unicode_ci NOT NULL,
  `connection` text COLLATE utf8mb4_unicode_ci NOT NULL,
  `queue` text COLLATE utf8mb4_unicode_ci NOT NULL,
  `payload` longtext COLLATE utf8mb4_unicode_ci NOT NULL,
  `exception` longtext COLLATE utf8mb4_unicode_ci NOT NULL,
  `failed_at` timestamp NOT NULL DEFAULT current_timestamp()
) ENGINE=InnoDB DEFAULT CHARSET=utf8mb4 COLLATE=utf8mb4_unicode_ci;

-- --------------------------------------------------------

--
-- Table structure for table `generations`
--

CREATE TABLE `generations` (
  `id` bigint(20) UNSIGNED NOT NULL,
  `region_id` bigint(20) UNSIGNED NOT NULL,
  `identifier` varchar(255) COLLATE utf8mb4_unicode_ci NOT NULL,
  `created_at` timestamp NULL DEFAULT NULL,
  `updated_at` timestamp NULL DEFAULT NULL
) ENGINE=InnoDB DEFAULT CHARSET=utf8mb4 COLLATE=utf8mb4_unicode_ci;

--
-- Dumping data for table `generations`
--

INSERT INTO `generations` (`id`, `region_id`, `identifier`, `created_at`, `updated_at`) VALUES
(1, 1, 'generation-i', '2022-03-04 23:00:00', '2022-03-04 23:00:00'),
(2, 2, 'generation-ii', '2022-03-04 23:00:00', '2022-03-04 23:00:00'),
(3, 3, 'generation-iii', '2022-03-04 23:00:00', '2022-03-04 23:00:00'),
(4, 4, 'generation-iv', '2022-03-04 23:00:00', '2022-03-04 23:00:00'),
(5, 5, 'generation-v', '2022-03-04 23:00:00', '2022-03-04 23:00:00'),
(6, 6, 'generation-vi', '2022-03-04 23:00:00', '2022-03-04 23:00:00'),
(7, 7, 'generation-vii', '2022-03-04 23:00:00', '2022-03-04 23:00:00'),
(8, 8, 'generation-viii', '2022-03-04 23:00:00', '2022-03-04 23:00:00');

-- --------------------------------------------------------

--
-- Table structure for table `habitats`
--

CREATE TABLE `habitats` (
  `id` bigint(20) UNSIGNED NOT NULL,
  `identifier` varchar(255) COLLATE utf8mb4_unicode_ci NOT NULL,
  `created_at` timestamp NULL DEFAULT NULL,
  `updated_at` timestamp NULL DEFAULT NULL
) ENGINE=InnoDB DEFAULT CHARSET=utf8mb4 COLLATE=utf8mb4_unicode_ci;

--
-- Dumping data for table `habitats`
--

INSERT INTO `habitats` (`id`, `identifier`, `created_at`, `updated_at`) VALUES
(1, 'cave', '2022-03-04 23:00:00', '2022-03-04 23:00:00'),
(2, 'forest', '2022-03-04 23:00:00', '2022-03-04 23:00:00'),
(3, 'grassland', '2022-03-04 23:00:00', '2022-03-04 23:00:00'),
(4, 'mountain', '2022-03-04 23:00:00', '2022-03-04 23:00:00'),
(5, 'rare', '2022-03-04 23:00:00', '2022-03-04 23:00:00'),
(6, 'rough-terrain', '2022-03-04 23:00:00', '2022-03-04 23:00:00'),
(7, 'sea', '2022-03-04 23:00:00', '2022-03-04 23:00:00'),
(8, 'urban', '2022-03-04 23:00:00', '2022-03-04 23:00:00'),
(9, 'waters-edge', '2022-03-04 23:00:00', '2022-03-04 23:00:00');

-- --------------------------------------------------------

--
-- Table structure for table `migrations`
--

CREATE TABLE `migrations` (
  `id` int(10) UNSIGNED NOT NULL,
  `migration` varchar(255) COLLATE utf8mb4_unicode_ci NOT NULL,
  `batch` int(11) NOT NULL
) ENGINE=InnoDB DEFAULT CHARSET=utf8mb4 COLLATE=utf8mb4_unicode_ci;

--
-- Dumping data for table `migrations`
--

INSERT INTO `migrations` (`id`, `migration`, `batch`) VALUES
(13, '2014_10_12_000000_create_users_table', 1),
(14, '2014_10_12_100000_create_password_resets_table', 1),
(15, '2019_08_19_000000_create_failed_jobs_table', 1),
(16, '2019_12_14_000001_create_personal_access_tokens_table', 1),
(17, '2022_03_05_125020_create_colors_table', 1),
(18, '2022_03_05_125037_create_habitats_table', 1),
(19, '2022_03_05_125053_create_shapes_table', 1),
(20, '2022_03_05_125151_create_regions_table', 1),
(21, '2022_03_05_125649_create_generations_table', 1),
(22, '2022_03_05_130101_create_species_table', 1),
(23, '2022_03_05_130853_create_pokemons_table', 1);

-- --------------------------------------------------------

--
-- Table structure for table `password_resets`
--

CREATE TABLE `password_resets` (
  `email` varchar(255) COLLATE utf8mb4_unicode_ci NOT NULL,
  `token` varchar(255) COLLATE utf8mb4_unicode_ci NOT NULL,
  `created_at` timestamp NULL DEFAULT NULL
) ENGINE=InnoDB DEFAULT CHARSET=utf8mb4 COLLATE=utf8mb4_unicode_ci;

-- --------------------------------------------------------

--
-- Table structure for table `personal_access_tokens`
--

CREATE TABLE `personal_access_tokens` (
  `id` bigint(20) UNSIGNED NOT NULL,
  `tokenable_type` varchar(255) COLLATE utf8mb4_unicode_ci NOT NULL,
  `tokenable_id` bigint(20) UNSIGNED NOT NULL,
  `name` varchar(255) COLLATE utf8mb4_unicode_ci NOT NULL,
  `token` varchar(64) COLLATE utf8mb4_unicode_ci NOT NULL,
  `abilities` text COLLATE utf8mb4_unicode_ci DEFAULT NULL,
  `last_used_at` timestamp NULL DEFAULT NULL,
  `created_at` timestamp NULL DEFAULT NULL,
  `updated_at` timestamp NULL DEFAULT NULL
) ENGINE=InnoDB DEFAULT CHARSET=utf8mb4 COLLATE=utf8mb4_unicode_ci;

-- --------------------------------------------------------

--
-- Table structure for table `pokemons`
--

CREATE TABLE `pokemons` (
  `id` bigint(20) UNSIGNED NOT NULL,
  `identifier` varchar(255) COLLATE utf8mb4_unicode_ci NOT NULL,
  `species_id` bigint(20) UNSIGNED NOT NULL,
  `height` int(11) NOT NULL,
  `weight` int(11) NOT NULL,
  `base_experience` int(11) NOT NULL,
  `order` int(11) NOT NULL,
  `is_default` tinyint(1) NOT NULL,
  `created_at` timestamp NULL DEFAULT NULL,
  `updated_at` timestamp NULL DEFAULT NULL
) ENGINE=InnoDB DEFAULT CHARSET=utf8mb4 COLLATE=utf8mb4_unicode_ci;

--
-- Dumping data for table `pokemons`
--

INSERT INTO `pokemons` (`id`, `identifier`, `species_id`, `height`, `weight`, `base_experience`, `order`, `is_default`, `created_at`, `updated_at`) VALUES
(1, 'bulbasaur', 1, 7, 69, 64, 1, 1, '2022-03-04 23:00:00', '2022-03-04 23:00:00'),
(2, 'ivysaur', 2, 10, 130, 142, 2, 1, '2022-03-04 23:00:00', '2022-03-04 23:00:00'),
(3, 'venusaur', 3, 20, 1000, 263, 3, 1, '2022-03-04 23:00:00', '2022-03-04 23:00:00'),
(4, 'charmander', 4, 6, 85, 62, 5, 1, '2022-03-04 23:00:00', '2022-03-04 23:00:00'),
(5, 'charmeleon', 5, 11, 190, 142, 6, 1, '2022-03-04 23:00:00', '2022-03-04 23:00:00'),
(6, 'charizard', 6, 17, 905, 267, 7, 1, '2022-03-04 23:00:00', '2022-03-04 23:00:00'),
(7, 'squirtle', 7, 5, 90, 63, 10, 1, '2022-03-04 23:00:00', '2022-03-04 23:00:00'),
(8, 'wartortle', 8, 10, 225, 142, 11, 1, '2022-03-04 23:00:00', '2022-03-04 23:00:00'),
(9, 'blastoise', 9, 16, 855, 265, 12, 1, '2022-03-04 23:00:00', '2022-03-04 23:00:00'),
(10, 'caterpie', 10, 3, 29, 39, 14, 1, '2022-03-04 23:00:00', '2022-03-04 23:00:00'),
(11, 'metapod', 11, 7, 99, 72, 15, 1, '2022-03-04 23:00:00', '2022-03-04 23:00:00'),
(12, 'butterfree', 12, 11, 320, 198, 16, 1, '2022-03-04 23:00:00', '2022-03-04 23:00:00'),
(13, 'weedle', 13, 3, 32, 39, 17, 1, '2022-03-04 23:00:00', '2022-03-04 23:00:00'),
(14, 'kakuna', 14, 6, 100, 72, 18, 1, '2022-03-04 23:00:00', '2022-03-04 23:00:00'),
(15, 'beedrill', 15, 10, 295, 178, 19, 1, '2022-03-04 23:00:00', '2022-03-04 23:00:00'),
(16, 'pidgey', 16, 3, 18, 50, 21, 1, '2022-03-04 23:00:00', '2022-03-04 23:00:00'),
(17, 'pidgeotto', 17, 11, 300, 122, 22, 1, '2022-03-04 23:00:00', '2022-03-04 23:00:00'),
(18, 'pidgeot', 18, 15, 395, 216, 23, 1, '2022-03-04 23:00:00', '2022-03-04 23:00:00'),
(19, 'rattata', 19, 3, 35, 51, 25, 1, '2022-03-04 23:00:00', '2022-03-04 23:00:00'),
(20, 'raticate', 20, 7, 185, 145, 27, 1, '2022-03-04 23:00:00', '2022-03-04 23:00:00'),
(21, 'spearow', 21, 3, 20, 52, 30, 1, '2022-03-04 23:00:00', '2022-03-04 23:00:00'),
(22, 'fearow', 22, 12, 380, 155, 31, 1, '2022-03-04 23:00:00', '2022-03-04 23:00:00'),
(23, 'ekans', 23, 20, 69, 58, 32, 1, '2022-03-04 23:00:00', '2022-03-04 23:00:00'),
(24, 'arbok', 24, 35, 650, 157, 33, 1, '2022-03-04 23:00:00', '2022-03-06 15:45:13'),
(25, 'pikachu', 25, 4, 60, 112, 35, 1, '2022-03-04 23:00:00', '2022-03-04 23:00:00'),
(26, 'raichu', 26, 8, 300, 243, 51, 1, '2022-03-04 23:00:00', '2022-03-04 23:00:00'),
(27, 'sandshrew', 27, 6, 120, 60, 53, 1, '2022-03-04 23:00:00', '2022-03-04 23:00:00'),
(28, 'sandslash', 28, 10, 295, 158, 55, 1, '2022-03-04 23:00:00', '2022-03-04 23:00:00'),
(29, 'nidoran-f', 29, 4, 70, 55, 57, 1, '2022-03-04 23:00:00', '2022-03-04 23:00:00'),
(30, 'nidorina', 30, 8, 200, 128, 58, 1, '2022-03-04 23:00:00', '2022-03-04 23:00:00'),
(31, 'nidoqueen', 31, 13, 600, 253, 59, 1, '2022-03-04 23:00:00', '2022-03-04 23:00:00'),
(32, 'nidoran-m', 32, 5, 90, 55, 60, 1, '2022-03-04 23:00:00', '2022-03-04 23:00:00'),
(33, 'nidorino', 33, 9, 195, 128, 61, 1, '2022-03-04 23:00:00', '2022-03-04 23:00:00'),
(34, 'nidoking', 34, 14, 620, 253, 62, 1, '2022-03-04 23:00:00', '2022-03-04 23:00:00'),
(35, 'clefairy', 35, 6, 75, 113, 64, 1, '2022-03-04 23:00:00', '2022-03-04 23:00:00'),
(36, 'clefable', 36, 13, 400, 242, 65, 1, '2022-03-04 23:00:00', '2022-03-04 23:00:00'),
(37, 'vulpix', 37, 6, 99, 60, 66, 1, '2022-03-04 23:00:00', '2022-03-04 23:00:00'),
(38, 'ninetales', 38, 11, 199, 177, 68, 1, '2022-03-04 23:00:00', '2022-03-04 23:00:00'),
(39, 'jigglypuff', 39, 5, 55, 95, 71, 1, '2022-03-04 23:00:00', '2022-03-04 23:00:00'),
(40, 'wigglytuff', 40, 10, 120, 218, 72, 1, '2022-03-04 23:00:00', '2022-03-04 23:00:00'),
(41, 'zubat', 41, 8, 75, 49, 73, 1, '2022-03-04 23:00:00', '2022-03-04 23:00:00'),
(42, 'golbat', 42, 16, 550, 159, 74, 1, '2022-03-04 23:00:00', '2022-03-04 23:00:00'),
(43, 'oddish', 43, 5, 54, 64, 76, 1, '2022-03-04 23:00:00', '2022-03-04 23:00:00'),
(44, 'gloom', 44, 8, 86, 138, 77, 1, '2022-03-04 23:00:00', '2022-03-04 23:00:00'),
(45, 'vileplume', 45, 12, 186, 245, 78, 1, '2022-03-04 23:00:00', '2022-03-04 23:00:00'),
(46, 'paras', 46, 3, 54, 57, 80, 1, '2022-03-04 23:00:00', '2022-03-04 23:00:00'),
(47, 'parasect', 47, 10, 295, 142, 81, 1, '2022-03-04 23:00:00', '2022-03-04 23:00:00'),
(48, 'venonat', 48, 10, 300, 61, 82, 1, '2022-03-04 23:00:00', '2022-03-04 23:00:00'),
(49, 'venomoth', 49, 15, 125, 158, 83, 1, '2022-03-04 23:00:00', '2022-03-04 23:00:00'),
(50, 'diglett', 50, 2, 8, 53, 84, 1, '2022-03-04 23:00:00', '2022-03-04 23:00:00'),
(51, 'dugtrio', 51, 7, 333, 149, 86, 1, '2022-03-04 23:00:00', '2022-03-04 23:00:00'),
(52, 'meowth', 52, 4, 42, 58, 88, 1, '2022-03-04 23:00:00', '2022-03-04 23:00:00'),
(53, 'persian', 53, 10, 320, 154, 91, 1, '2022-03-04 23:00:00', '2022-03-04 23:00:00'),
(54, 'psyduck', 54, 8, 196, 64, 93, 1, '2022-03-04 23:00:00', '2022-03-04 23:00:00'),
(55, 'golduck', 55, 17, 766, 175, 94, 1, '2022-03-04 23:00:00', '2022-03-04 23:00:00'),
(56, 'mankey', 56, 5, 280, 61, 95, 1, '2022-03-04 23:00:00', '2022-03-04 23:00:00'),
(57, 'primeape', 57, 10, 320, 159, 96, 1, '2022-03-04 23:00:00', '2022-03-04 23:00:00'),
(58, 'growlithe', 58, 7, 190, 70, 97, 1, '2022-03-04 23:00:00', '2022-03-04 23:00:00'),
(59, 'arcanine', 59, 19, 1550, 194, 98, 1, '2022-03-04 23:00:00', '2022-03-04 23:00:00'),
(60, 'poliwag', 60, 6, 124, 60, 99, 1, '2022-03-04 23:00:00', '2022-03-04 23:00:00'),
(61, 'poliwhirl', 61, 10, 200, 135, 100, 1, '2022-03-04 23:00:00', '2022-03-04 23:00:00'),
(62, 'poliwrath', 62, 13, 540, 255, 101, 1, '2022-03-04 23:00:00', '2022-03-04 23:00:00'),
(63, 'abra', 63, 9, 195, 62, 103, 1, '2022-03-04 23:00:00', '2022-03-04 23:00:00'),
(64, 'kadabra', 64, 13, 565, 140, 104, 1, '2022-03-04 23:00:00', '2022-03-04 23:00:00'),
(65, 'alakazam', 65, 15, 480, 250, 105, 1, '2022-03-04 23:00:00', '2022-03-04 23:00:00'),
(66, 'machop', 66, 8, 195, 61, 107, 1, '2022-03-04 23:00:00', '2022-03-04 23:00:00'),
(67, 'machoke', 67, 15, 705, 142, 108, 1, '2022-03-04 23:00:00', '2022-03-04 23:00:00'),
(68, 'machamp', 68, 16, 1300, 253, 109, 1, '2022-03-04 23:00:00', '2022-03-04 23:00:00'),
(69, 'bellsprout', 69, 7, 40, 60, 110, 1, '2022-03-04 23:00:00', '2022-03-04 23:00:00'),
(70, 'weepinbell', 70, 10, 64, 137, 111, 1, '2022-03-04 23:00:00', '2022-03-04 23:00:00'),
(71, 'victreebel', 71, 17, 155, 221, 112, 1, '2022-03-04 23:00:00', '2022-03-04 23:00:00'),
(72, 'tentacool', 72, 9, 455, 67, 113, 1, '2022-03-04 23:00:00', '2022-03-04 23:00:00'),
(73, 'tentacruel', 73, 16, 550, 180, 114, 1, '2022-03-04 23:00:00', '2022-03-04 23:00:00'),
(74, 'geodude', 74, 4, 200, 60, 115, 1, '2022-03-04 23:00:00', '2022-03-04 23:00:00'),
(75, 'graveler', 75, 10, 1050, 137, 117, 1, '2022-03-04 23:00:00', '2022-03-04 23:00:00'),
(76, 'golem', 76, 14, 3000, 223, 119, 1, '2022-03-04 23:00:00', '2022-03-04 23:00:00'),
(77, 'ponyta', 77, 10, 300, 82, 121, 1, '2022-03-04 23:00:00', '2022-03-04 23:00:00'),
(78, 'rapidash', 78, 17, 950, 175, 123, 1, '2022-03-04 23:00:00', '2022-03-04 23:00:00'),
(79, 'slowpoke', 79, 12, 360, 63, 125, 1, '2022-03-04 23:00:00', '2022-03-04 23:00:00'),
(80, 'slowbro', 80, 16, 785, 172, 127, 1, '2022-03-04 23:00:00', '2022-03-04 23:00:00'),
(81, 'magnemite', 81, 3, 60, 65, 132, 1, '2022-03-04 23:00:00', '2022-03-04 23:00:00'),
(82, 'magneton', 82, 10, 600, 163, 133, 1, '2022-03-04 23:00:00', '2022-03-04 23:00:00'),
(83, 'farfetchd', 83, 8, 150, 132, 135, 1, '2022-03-04 23:00:00', '2022-03-04 23:00:00'),
(84, 'doduo', 84, 14, 392, 62, 137, 1, '2022-03-04 23:00:00', '2022-03-04 23:00:00'),
(85, 'dodrio', 85, 18, 852, 165, 138, 1, '2022-03-04 23:00:00', '2022-03-04 23:00:00'),
(86, 'seel', 86, 11, 900, 65, 139, 1, '2022-03-04 23:00:00', '2022-03-04 23:00:00'),
(87, 'dewgong', 87, 17, 1200, 166, 140, 1, '2022-03-04 23:00:00', '2022-03-04 23:00:00'),
(88, 'grimer', 88, 9, 300, 65, 141, 1, '2022-03-04 23:00:00', '2022-03-04 23:00:00'),
(89, 'muk', 89, 12, 300, 175, 143, 1, '2022-03-04 23:00:00', '2022-03-04 23:00:00'),
(90, 'shellder', 90, 3, 40, 61, 145, 1, '2022-03-04 23:00:00', '2022-03-04 23:00:00'),
(91, 'cloyster', 91, 15, 1325, 184, 146, 1, '2022-03-04 23:00:00', '2022-03-04 23:00:00'),
(92, 'gastly', 92, 13, 1, 62, 147, 1, '2022-03-04 23:00:00', '2022-03-04 23:00:00'),
(93, 'haunter', 93, 16, 1, 142, 148, 1, '2022-03-04 23:00:00', '2022-03-04 23:00:00'),
(94, 'gengar', 94, 15, 405, 250, 149, 1, '2022-03-04 23:00:00', '2022-03-04 23:00:00'),
(95, 'onix', 95, 88, 2100, 77, 151, 1, '2022-03-04 23:00:00', '2022-03-04 23:00:00'),
(96, 'drowzee', 96, 10, 324, 66, 154, 1, '2022-03-04 23:00:00', '2022-03-04 23:00:00'),
(97, 'hypno', 97, 16, 756, 169, 155, 1, '2022-03-04 23:00:00', '2022-03-04 23:00:00'),
(98, 'krabby', 98, 4, 65, 65, 156, 1, '2022-03-04 23:00:00', '2022-03-04 23:00:00'),
(99, 'kingler', 99, 13, 600, 166, 157, 1, '2022-03-04 23:00:00', '2022-03-04 23:00:00'),
(100, 'voltorb', 100, 5, 104, 66, 158, 1, '2022-03-04 23:00:00', '2022-03-04 23:00:00'),
(101, 'electrode', 101, 12, 666, 172, 159, 1, '2022-03-04 23:00:00', '2022-03-04 23:00:00'),
(102, 'exeggcute', 102, 4, 25, 65, 160, 1, '2022-03-04 23:00:00', '2022-03-04 23:00:00'),
(103, 'exeggutor', 103, 20, 1200, 186, 161, 1, '2022-03-04 23:00:00', '2022-03-04 23:00:00'),
(104, 'cubone', 104, 4, 65, 64, 163, 1, '2022-03-04 23:00:00', '2022-03-04 23:00:00'),
(105, 'marowak', 105, 10, 450, 149, 164, 1, '2022-03-04 23:00:00', '2022-03-04 23:00:00'),
(106, 'hitmonlee', 106, 15, 498, 159, 168, 1, '2022-03-04 23:00:00', '2022-03-04 23:00:00'),
(107, 'hitmonchan', 107, 14, 502, 159, 169, 1, '2022-03-04 23:00:00', '2022-03-04 23:00:00'),
(108, 'lickitung', 108, 12, 655, 77, 171, 1, '2022-03-04 23:00:00', '2022-03-04 23:00:00'),
(109, 'koffing', 109, 6, 10, 68, 173, 1, '2022-03-04 23:00:00', '2022-03-04 23:00:00'),
(110, 'weezing', 110, 12, 95, 172, 174, 1, '2022-03-04 23:00:00', '2022-03-04 23:00:00'),
(111, 'rhyhorn', 111, 10, 1150, 69, 176, 1, '2022-03-04 23:00:00', '2022-03-04 23:00:00'),
(112, 'rhydon', 112, 19, 1200, 170, 177, 1, '2022-03-04 23:00:00', '2022-03-04 23:00:00'),
(113, 'chansey', 113, 11, 346, 395, 180, 1, '2022-03-04 23:00:00', '2022-03-04 23:00:00'),
(114, 'tangela', 114, 10, 350, 87, 182, 1, '2022-03-04 23:00:00', '2022-03-04 23:00:00'),
(115, 'kangaskhan', 115, 22, 800, 172, 184, 1, '2022-03-04 23:00:00', '2022-03-04 23:00:00'),
(116, 'horsea', 116, 4, 80, 59, 186, 1, '2022-03-04 23:00:00', '2022-03-04 23:00:00'),
(117, 'seadra', 117, 12, 250, 154, 187, 1, '2022-03-04 23:00:00', '2022-03-04 23:00:00'),
(118, 'goldeen', 118, 6, 150, 64, 189, 1, '2022-03-04 23:00:00', '2022-03-04 23:00:00'),
(119, 'seaking', 119, 13, 390, 158, 190, 1, '2022-03-04 23:00:00', '2022-03-04 23:00:00'),
(120, 'staryu', 120, 8, 345, 68, 191, 1, '2022-03-04 23:00:00', '2022-03-04 23:00:00'),
(121, 'starmie', 121, 11, 800, 182, 192, 1, '2022-03-04 23:00:00', '2022-03-04 23:00:00'),
(122, 'mr-mime', 122, 13, 545, 161, 194, 1, '2022-03-04 23:00:00', '2022-03-04 23:00:00'),
(123, 'scyther', 123, 15, 560, 100, 196, 1, '2022-03-04 23:00:00', '2022-03-04 23:00:00'),
(124, 'jynx', 124, 14, 406, 159, 200, 1, '2022-03-04 23:00:00', '2022-03-04 23:00:00'),
(125, 'electabuzz', 125, 11, 300, 172, 202, 1, '2022-03-04 23:00:00', '2022-03-04 23:00:00'),
(126, 'magmar', 126, 13, 445, 173, 205, 1, '2022-03-04 23:00:00', '2022-03-04 23:00:00'),
(127, 'pinsir', 127, 15, 550, 175, 207, 1, '2022-03-04 23:00:00', '2022-03-04 23:00:00'),
(128, 'tauros', 128, 14, 884, 172, 209, 1, '2022-03-04 23:00:00', '2022-03-04 23:00:00'),
(129, 'magikarp', 129, 9, 100, 40, 210, 1, '2022-03-04 23:00:00', '2022-03-04 23:00:00'),
(130, 'gyarados', 130, 65, 2350, 189, 211, 1, '2022-03-04 23:00:00', '2022-03-04 23:00:00'),
(131, 'lapras', 131, 25, 2200, 187, 213, 1, '2022-03-04 23:00:00', '2022-03-04 23:00:00'),
(132, 'ditto', 132, 3, 40, 101, 214, 1, '2022-03-04 23:00:00', '2022-03-04 23:00:00'),
(133, 'eevee', 133, 3, 65, 65, 215, 1, '2022-03-04 23:00:00', '2022-03-04 23:00:00'),
(134, 'vaporeon', 134, 10, 290, 184, 217, 1, '2022-03-04 23:00:00', '2022-03-04 23:00:00'),
(135, 'jolteon', 135, 8, 245, 184, 218, 1, '2022-03-04 23:00:00', '2022-03-04 23:00:00'),
(136, 'flareon', 136, 9, 250, 184, 219, 1, '2022-03-04 23:00:00', '2022-03-04 23:00:00'),
(137, 'porygon', 137, 8, 365, 79, 225, 1, '2022-03-04 23:00:00', '2022-03-04 23:00:00'),
(138, 'omanyte', 138, 4, 75, 71, 228, 1, '2022-03-04 23:00:00', '2022-03-04 23:00:00'),
(139, 'omastar', 139, 10, 350, 173, 229, 1, '2022-03-04 23:00:00', '2022-03-04 23:00:00'),
(140, 'kabuto', 140, 5, 115, 71, 230, 1, '2022-03-04 23:00:00', '2022-03-04 23:00:00'),
(141, 'kabutops', 141, 13, 405, 173, 231, 1, '2022-03-04 23:00:00', '2022-03-04 23:00:00'),
(142, 'aerodactyl', 142, 18, 590, 180, 232, 1, '2022-03-04 23:00:00', '2022-03-04 23:00:00'),
(143, 'snorlax', 143, 21, 4600, 189, 235, 1, '2022-03-04 23:00:00', '2022-03-04 23:00:00'),
(144, 'articuno', 144, 17, 554, 290, 236, 1, '2022-03-04 23:00:00', '2022-03-04 23:00:00'),
(145, 'zapdos', 145, 16, 526, 290, 238, 1, '2022-03-04 23:00:00', '2022-03-04 23:00:00'),
(146, 'moltres', 146, 20, 600, 290, 240, 1, '2022-03-04 23:00:00', '2022-03-04 23:00:00'),
(147, 'dratini', 147, 18, 33, 60, 242, 1, '2022-03-04 23:00:00', '2022-03-04 23:00:00'),
(148, 'dragonair', 148, 40, 165, 147, 243, 1, '2022-03-04 23:00:00', '2022-03-04 23:00:00'),
(149, 'dragonite', 149, 22, 2100, 300, 244, 1, '2022-03-04 23:00:00', '2022-03-04 23:00:00'),
(150, 'mewtwo', 150, 20, 1220, 340, 245, 1, '2022-03-04 23:00:00', '2022-03-04 23:00:00'),
(151, 'mew', 151, 4, 40, 300, 248, 1, '2022-03-04 23:00:00', '2022-03-04 23:00:00'),
(152, 'chikorita', 152, 9, 64, 64, 249, 1, '2022-03-04 23:00:00', '2022-03-04 23:00:00'),
(153, 'bayleef', 153, 12, 158, 142, 250, 1, '2022-03-04 23:00:00', '2022-03-04 23:00:00'),
(154, 'meganium', 154, 18, 1005, 236, 251, 1, '2022-03-04 23:00:00', '2022-03-04 23:00:00'),
(155, 'cyndaquil', 155, 5, 79, 62, 252, 1, '2022-03-04 23:00:00', '2022-03-04 23:00:00'),
(156, 'quilava', 156, 9, 190, 142, 253, 1, '2022-03-04 23:00:00', '2022-03-04 23:00:00'),
(157, 'typhlosion', 157, 17, 795, 240, 254, 1, '2022-03-04 23:00:00', '2022-03-04 23:00:00'),
(158, 'totodile', 158, 6, 95, 63, 255, 1, '2022-03-04 23:00:00', '2022-03-04 23:00:00'),
(159, 'croconaw', 159, 11, 250, 142, 256, 1, '2022-03-04 23:00:00', '2022-03-04 23:00:00'),
(160, 'feraligatr', 160, 23, 888, 239, 257, 1, '2022-03-04 23:00:00', '2022-03-04 23:00:00'),
(161, 'sentret', 161, 8, 60, 43, 258, 1, '2022-03-04 23:00:00', '2022-03-04 23:00:00'),
(162, 'furret', 162, 18, 325, 145, 259, 1, '2022-03-04 23:00:00', '2022-03-04 23:00:00'),
(163, 'hoothoot', 163, 7, 212, 52, 260, 1, '2022-03-04 23:00:00', '2022-03-04 23:00:00'),
(164, 'noctowl', 164, 16, 408, 158, 261, 1, '2022-03-04 23:00:00', '2022-03-04 23:00:00'),
(165, 'ledyba', 165, 10, 108, 53, 262, 1, '2022-03-04 23:00:00', '2022-03-04 23:00:00'),
(166, 'ledian', 166, 14, 356, 137, 263, 1, '2022-03-04 23:00:00', '2022-03-04 23:00:00'),
(167, 'spinarak', 167, 5, 85, 50, 264, 1, '2022-03-04 23:00:00', '2022-03-04 23:00:00'),
(168, 'ariados', 168, 11, 335, 140, 265, 1, '2022-03-04 23:00:00', '2022-03-04 23:00:00'),
(169, 'crobat', 169, 18, 750, 268, 75, 1, '2022-03-04 23:00:00', '2022-03-04 23:00:00'),
(170, 'chinchou', 170, 5, 120, 66, 266, 1, '2022-03-04 23:00:00', '2022-03-04 23:00:00'),
(171, 'lanturn', 171, 12, 225, 161, 267, 1, '2022-03-04 23:00:00', '2022-03-04 23:00:00'),
(172, 'pichu', 172, 3, 20, 41, 34, 1, '2022-03-04 23:00:00', '2022-03-04 23:00:00'),
(173, 'cleffa', 173, 3, 30, 44, 63, 1, '2022-03-04 23:00:00', '2022-03-04 23:00:00'),
(174, 'igglybuff', 174, 3, 10, 42, 70, 1, '2022-03-04 23:00:00', '2022-03-04 23:00:00'),
(175, 'togepi', 175, 3, 15, 49, 268, 1, '2022-03-04 23:00:00', '2022-03-04 23:00:00'),
(176, 'togetic', 176, 6, 32, 142, 269, 1, '2022-03-04 23:00:00', '2022-03-04 23:00:00'),
(177, 'natu', 177, 2, 20, 64, 271, 1, '2022-03-04 23:00:00', '2022-03-04 23:00:00'),
(178, 'xatu', 178, 15, 150, 165, 272, 1, '2022-03-04 23:00:00', '2022-03-04 23:00:00'),
(179, 'mareep', 179, 6, 78, 56, 273, 1, '2022-03-04 23:00:00', '2022-03-04 23:00:00'),
(180, 'flaaffy', 180, 8, 133, 128, 274, 1, '2022-03-04 23:00:00', '2022-03-04 23:00:00'),
(181, 'ampharos', 181, 14, 615, 230, 275, 1, '2022-03-04 23:00:00', '2022-03-04 23:00:00'),
(182, 'bellossom', 182, 4, 58, 245, 79, 1, '2022-03-04 23:00:00', '2022-03-04 23:00:00'),
(183, 'marill', 183, 4, 85, 88, 278, 1, '2022-03-04 23:00:00', '2022-03-04 23:00:00'),
(184, 'azumarill', 184, 8, 285, 210, 279, 1, '2022-03-04 23:00:00', '2022-03-04 23:00:00'),
(185, 'sudowoodo', 185, 12, 380, 144, 281, 1, '2022-03-04 23:00:00', '2022-03-04 23:00:00'),
(186, 'politoed', 186, 11, 339, 250, 102, 1, '2022-03-04 23:00:00', '2022-03-04 23:00:00'),
(187, 'hoppip', 187, 4, 5, 50, 282, 1, '2022-03-04 23:00:00', '2022-03-04 23:00:00'),
(188, 'skiploom', 188, 6, 10, 119, 283, 1, '2022-03-04 23:00:00', '2022-03-04 23:00:00'),
(189, 'jumpluff', 189, 8, 30, 207, 284, 1, '2022-03-04 23:00:00', '2022-03-04 23:00:00'),
(190, 'aipom', 190, 8, 115, 72, 285, 1, '2022-03-04 23:00:00', '2022-03-04 23:00:00'),
(191, 'sunkern', 191, 3, 18, 36, 287, 1, '2022-03-04 23:00:00', '2022-03-04 23:00:00'),
(192, 'sunflora', 192, 8, 85, 149, 288, 1, '2022-03-04 23:00:00', '2022-03-04 23:00:00'),
(193, 'yanma', 193, 12, 380, 78, 289, 1, '2022-03-04 23:00:00', '2022-03-04 23:00:00'),
(194, 'wooper', 194, 4, 85, 42, 291, 1, '2022-03-04 23:00:00', '2022-03-04 23:00:00'),
(195, 'quagsire', 195, 14, 750, 151, 292, 1, '2022-03-04 23:00:00', '2022-03-04 23:00:00'),
(196, 'espeon', 196, 9, 265, 184, 220, 1, '2022-03-04 23:00:00', '2022-03-04 23:00:00'),
(197, 'umbreon', 197, 10, 270, 184, 221, 1, '2022-03-04 23:00:00', '2022-03-04 23:00:00'),
(198, 'murkrow', 198, 5, 21, 81, 293, 1, '2022-03-04 23:00:00', '2022-03-04 23:00:00'),
(199, 'slowking', 199, 20, 795, 172, 130, 1, '2022-03-04 23:00:00', '2022-03-04 23:00:00'),
(200, 'misdreavus', 200, 7, 10, 87, 295, 1, '2022-03-04 23:00:00', '2022-03-04 23:00:00'),
(201, 'unown', 201, 5, 50, 118, 297, 1, '2022-03-04 23:00:00', '2022-03-04 23:00:00'),
(202, 'wobbuffet', 202, 13, 285, 142, 299, 1, '2022-03-04 23:00:00', '2022-03-04 23:00:00'),
(203, 'girafarig', 203, 15, 415, 159, 300, 1, '2022-03-04 23:00:00', '2022-03-04 23:00:00'),
(204, 'pineco', 204, 6, 72, 58, 301, 1, '2022-03-04 23:00:00', '2022-03-04 23:00:00'),
(205, 'forretress', 205, 12, 1258, 163, 302, 1, '2022-03-04 23:00:00', '2022-03-04 23:00:00'),
(206, 'dunsparce', 206, 15, 140, 145, 303, 1, '2022-03-04 23:00:00', '2022-03-04 23:00:00'),
(207, 'gligar', 207, 11, 648, 86, 304, 1, '2022-03-04 23:00:00', '2022-03-04 23:00:00'),
(208, 'steelix', 208, 92, 4000, 179, 152, 1, '2022-03-04 23:00:00', '2022-03-04 23:00:00'),
(209, 'snubbull', 209, 6, 78, 60, 306, 1, '2022-03-04 23:00:00', '2022-03-04 23:00:00'),
(210, 'granbull', 210, 14, 487, 158, 307, 1, '2022-03-04 23:00:00', '2022-03-04 23:00:00'),
(211, 'qwilfish', 211, 5, 39, 88, 308, 1, '2022-03-04 23:00:00', '2022-03-04 23:00:00'),
(212, 'scizor', 212, 18, 1180, 175, 197, 1, '2022-03-04 23:00:00', '2022-03-04 23:00:00'),
(213, 'shuckle', 213, 6, 205, 177, 309, 1, '2022-03-04 23:00:00', '2022-03-04 23:00:00'),
(214, 'heracross', 214, 15, 540, 175, 310, 1, '2022-03-04 23:00:00', '2022-03-04 23:00:00'),
(215, 'sneasel', 215, 9, 280, 86, 312, 1, '2022-03-04 23:00:00', '2022-03-04 23:00:00'),
(216, 'teddiursa', 216, 6, 88, 66, 314, 1, '2022-03-04 23:00:00', '2022-03-04 23:00:00'),
(217, 'ursaring', 217, 18, 1258, 175, 315, 1, '2022-03-04 23:00:00', '2022-03-04 23:00:00'),
(218, 'slugma', 218, 7, 350, 50, 316, 1, '2022-03-04 23:00:00', '2022-03-04 23:00:00'),
(219, 'magcargo', 219, 8, 550, 151, 317, 1, '2022-03-04 23:00:00', '2022-03-04 23:00:00'),
(220, 'swinub', 220, 4, 65, 50, 318, 1, '2022-03-04 23:00:00', '2022-03-04 23:00:00'),
(221, 'piloswine', 221, 11, 558, 158, 319, 1, '2022-03-04 23:00:00', '2022-03-04 23:00:00'),
(222, 'corsola', 222, 6, 50, 144, 321, 1, '2022-03-04 23:00:00', '2022-03-04 23:00:00'),
(223, 'remoraid', 223, 6, 120, 60, 323, 1, '2022-03-04 23:00:00', '2022-03-04 23:00:00'),
(224, 'octillery', 224, 9, 285, 168, 324, 1, '2022-03-04 23:00:00', '2022-03-04 23:00:00'),
(225, 'delibird', 225, 9, 160, 116, 325, 1, '2022-03-04 23:00:00', '2022-03-04 23:00:00'),
(226, 'mantine', 226, 21, 2200, 170, 327, 1, '2022-03-04 23:00:00', '2022-03-04 23:00:00'),
(227, 'skarmory', 227, 17, 505, 163, 328, 1, '2022-03-04 23:00:00', '2022-03-04 23:00:00'),
(228, 'houndour', 228, 6, 108, 66, 329, 1, '2022-03-04 23:00:00', '2022-03-04 23:00:00'),
(229, 'houndoom', 229, 14, 350, 175, 330, 1, '2022-03-04 23:00:00', '2022-03-04 23:00:00'),
(230, 'kingdra', 230, 18, 1520, 270, 188, 1, '2022-03-04 23:00:00', '2022-03-04 23:00:00'),
(231, 'phanpy', 231, 5, 335, 66, 332, 1, '2022-03-04 23:00:00', '2022-03-04 23:00:00'),
(232, 'donphan', 232, 11, 1200, 175, 333, 1, '2022-03-04 23:00:00', '2022-03-04 23:00:00'),
(233, 'porygon2', 233, 6, 325, 180, 226, 1, '2022-03-04 23:00:00', '2022-03-04 23:00:00'),
(234, 'stantler', 234, 14, 712, 163, 334, 1, '2022-03-04 23:00:00', '2022-03-04 23:00:00'),
(235, 'smeargle', 235, 12, 580, 88, 335, 1, '2022-03-04 23:00:00', '2022-03-04 23:00:00'),
(236, 'tyrogue', 236, 7, 210, 42, 167, 1, '2022-03-04 23:00:00', '2022-03-04 23:00:00'),
(237, 'hitmontop', 237, 14, 480, 159, 170, 1, '2022-03-04 23:00:00', '2022-03-04 23:00:00'),
(238, 'smoochum', 238, 4, 60, 61, 199, 1, '2022-03-04 23:00:00', '2022-03-04 23:00:00'),
(239, 'elekid', 239, 6, 235, 72, 201, 1, '2022-03-04 23:00:00', '2022-03-04 23:00:00'),
(240, 'magby', 240, 7, 214, 73, 204, 1, '2022-03-04 23:00:00', '2022-03-04 23:00:00'),
(241, 'miltank', 241, 12, 755, 172, 336, 1, '2022-03-04 23:00:00', '2022-03-04 23:00:00'),
(242, 'blissey', 242, 15, 468, 635, 181, 1, '2022-03-04 23:00:00', '2022-03-04 23:00:00'),
(243, 'raikou', 243, 19, 1780, 290, 337, 1, '2022-03-04 23:00:00', '2022-03-04 23:00:00'),
(244, 'entei', 244, 21, 1980, 290, 338, 1, '2022-03-04 23:00:00', '2022-03-04 23:00:00'),
(245, 'suicune', 245, 20, 1870, 290, 339, 1, '2022-03-04 23:00:00', '2022-03-04 23:00:00'),
(246, 'larvitar', 246, 6, 720, 60, 340, 1, '2022-03-04 23:00:00', '2022-03-04 23:00:00'),
(247, 'pupitar', 247, 12, 1520, 144, 341, 1, '2022-03-04 23:00:00', '2022-03-04 23:00:00'),
(248, 'tyranitar', 248, 20, 2020, 300, 342, 1, '2022-03-04 23:00:00', '2022-03-04 23:00:00'),
(249, 'lugia', 249, 52, 2160, 340, 344, 1, '2022-03-04 23:00:00', '2022-03-04 23:00:00'),
(250, 'ho-oh', 250, 38, 1990, 340, 345, 1, '2022-03-04 23:00:00', '2022-03-04 23:00:00'),
(251, 'celebi', 251, 6, 50, 300, 346, 1, '2022-03-04 23:00:00', '2022-03-04 23:00:00'),
(252, 'treecko', 252, 5, 50, 62, 347, 1, '2022-03-04 23:00:00', '2022-03-04 23:00:00'),
(253, 'grovyle', 253, 9, 216, 142, 348, 1, '2022-03-04 23:00:00', '2022-03-04 23:00:00'),
(254, 'sceptile', 254, 17, 522, 265, 349, 1, '2022-03-04 23:00:00', '2022-03-04 23:00:00'),
(255, 'torchic', 255, 4, 25, 62, 351, 1, '2022-03-04 23:00:00', '2022-03-04 23:00:00'),
(256, 'combusken', 256, 9, 195, 142, 352, 1, '2022-03-04 23:00:00', '2022-03-04 23:00:00'),
(257, 'blaziken', 257, 19, 520, 265, 353, 1, '2022-03-04 23:00:00', '2022-03-04 23:00:00'),
(258, 'mudkip', 258, 4, 76, 62, 355, 1, '2022-03-04 23:00:00', '2022-03-04 23:00:00'),
(259, 'marshtomp', 259, 7, 280, 142, 356, 1, '2022-03-04 23:00:00', '2022-03-04 23:00:00'),
(260, 'swampert', 260, 15, 819, 268, 357, 1, '2022-03-04 23:00:00', '2022-03-04 23:00:00'),
(261, 'poochyena', 261, 5, 136, 56, 359, 1, '2022-03-04 23:00:00', '2022-03-04 23:00:00'),
(262, 'mightyena', 262, 10, 370, 147, 360, 1, '2022-03-04 23:00:00', '2022-03-04 23:00:00'),
(263, 'zigzagoon', 263, 4, 175, 56, 361, 1, '2022-03-04 23:00:00', '2022-03-04 23:00:00'),
(264, 'linoone', 264, 5, 325, 147, 363, 1, '2022-03-04 23:00:00', '2022-03-04 23:00:00'),
(265, 'wurmple', 265, 3, 36, 56, 365, 1, '2022-03-04 23:00:00', '2022-03-04 23:00:00'),
(266, 'silcoon', 266, 6, 100, 72, 366, 1, '2022-03-04 23:00:00', '2022-03-04 23:00:00'),
(267, 'beautifly', 267, 10, 284, 178, 367, 1, '2022-03-04 23:00:00', '2022-03-04 23:00:00'),
(268, 'cascoon', 268, 7, 115, 72, 368, 1, '2022-03-04 23:00:00', '2022-03-04 23:00:00'),
(269, 'dustox', 269, 12, 316, 173, 369, 1, '2022-03-04 23:00:00', '2022-03-04 23:00:00'),
(270, 'lotad', 270, 5, 26, 44, 370, 1, '2022-03-04 23:00:00', '2022-03-04 23:00:00'),
(271, 'lombre', 271, 12, 325, 119, 371, 1, '2022-03-04 23:00:00', '2022-03-04 23:00:00'),
(272, 'ludicolo', 272, 15, 550, 240, 372, 1, '2022-03-04 23:00:00', '2022-03-04 23:00:00'),
(273, 'seedot', 273, 5, 40, 44, 373, 1, '2022-03-04 23:00:00', '2022-03-04 23:00:00'),
(274, 'nuzleaf', 274, 10, 280, 119, 374, 1, '2022-03-04 23:00:00', '2022-03-04 23:00:00'),
(275, 'shiftry', 275, 13, 596, 240, 375, 1, '2022-03-04 23:00:00', '2022-03-04 23:00:00'),
(276, 'taillow', 276, 3, 23, 54, 376, 1, '2022-03-04 23:00:00', '2022-03-04 23:00:00'),
(277, 'swellow', 277, 7, 198, 159, 377, 1, '2022-03-04 23:00:00', '2022-03-04 23:00:00'),
(278, 'wingull', 278, 6, 95, 54, 378, 1, '2022-03-04 23:00:00', '2022-03-04 23:00:00'),
(279, 'pelipper', 279, 12, 280, 154, 379, 1, '2022-03-04 23:00:00', '2022-03-04 23:00:00'),
(280, 'ralts', 280, 4, 66, 40, 380, 1, '2022-03-04 23:00:00', '2022-03-04 23:00:00'),
(281, 'kirlia', 281, 8, 202, 97, 381, 1, '2022-03-04 23:00:00', '2022-03-04 23:00:00'),
(282, 'gardevoir', 282, 16, 484, 259, 382, 1, '2022-03-04 23:00:00', '2022-03-04 23:00:00'),
(283, 'surskit', 283, 5, 17, 54, 386, 1, '2022-03-04 23:00:00', '2022-03-04 23:00:00'),
(284, 'masquerain', 284, 8, 36, 159, 387, 1, '2022-03-04 23:00:00', '2022-03-04 23:00:00'),
(285, 'shroomish', 285, 4, 45, 59, 388, 1, '2022-03-04 23:00:00', '2022-03-04 23:00:00'),
(286, 'breloom', 286, 12, 392, 161, 389, 1, '2022-03-04 23:00:00', '2022-03-04 23:00:00'),
(287, 'slakoth', 287, 8, 240, 56, 390, 1, '2022-03-04 23:00:00', '2022-03-04 23:00:00'),
(288, 'vigoroth', 288, 14, 465, 154, 391, 1, '2022-03-04 23:00:00', '2022-03-04 23:00:00'),
(289, 'slaking', 289, 20, 1305, 252, 392, 1, '2022-03-04 23:00:00', '2022-03-04 23:00:00'),
(290, 'nincada', 290, 5, 55, 53, 393, 1, '2022-03-04 23:00:00', '2022-03-04 23:00:00'),
(291, 'ninjask', 291, 8, 120, 160, 394, 1, '2022-03-04 23:00:00', '2022-03-04 23:00:00'),
(292, 'shedinja', 292, 8, 12, 83, 395, 1, '2022-03-04 23:00:00', '2022-03-04 23:00:00'),
(293, 'whismur', 293, 6, 163, 48, 396, 1, '2022-03-04 23:00:00', '2022-03-04 23:00:00'),
(294, 'loudred', 294, 10, 405, 126, 397, 1, '2022-03-04 23:00:00', '2022-03-04 23:00:00'),
(295, 'exploud', 295, 15, 840, 245, 398, 1, '2022-03-04 23:00:00', '2022-03-04 23:00:00'),
(296, 'makuhita', 296, 10, 864, 47, 399, 1, '2022-03-04 23:00:00', '2022-03-04 23:00:00'),
(297, 'hariyama', 297, 23, 2538, 166, 400, 1, '2022-03-04 23:00:00', '2022-03-04 23:00:00'),
(298, 'azurill', 298, 2, 20, 38, 277, 1, '2022-03-04 23:00:00', '2022-03-04 23:00:00'),
(299, 'nosepass', 299, 10, 970, 75, 401, 1, '2022-03-04 23:00:00', '2022-03-04 23:00:00'),
(300, 'skitty', 300, 6, 110, 52, 403, 1, '2022-03-04 23:00:00', '2022-03-04 23:00:00'),
(301, 'delcatty', 301, 11, 326, 140, 404, 1, '2022-03-04 23:00:00', '2022-03-04 23:00:00'),
(302, 'sableye', 302, 5, 110, 133, 405, 1, '2022-03-04 23:00:00', '2022-03-04 23:00:00'),
(303, 'mawile', 303, 6, 115, 133, 407, 1, '2022-03-04 23:00:00', '2022-03-04 23:00:00'),
(304, 'aron', 304, 4, 600, 66, 409, 1, '2022-03-04 23:00:00', '2022-03-04 23:00:00'),
(305, 'lairon', 305, 9, 1200, 151, 410, 1, '2022-03-04 23:00:00', '2022-03-04 23:00:00'),
(306, 'aggron', 306, 21, 3600, 265, 411, 1, '2022-03-04 23:00:00', '2022-03-04 23:00:00'),
(307, 'meditite', 307, 6, 112, 56, 413, 1, '2022-03-04 23:00:00', '2022-03-04 23:00:00'),
(308, 'medicham', 308, 13, 315, 144, 414, 1, '2022-03-04 23:00:00', '2022-03-04 23:00:00'),
(309, 'electrike', 309, 6, 152, 59, 416, 1, '2022-03-04 23:00:00', '2022-03-04 23:00:00'),
(310, 'manectric', 310, 15, 402, 166, 417, 1, '2022-03-04 23:00:00', '2022-03-04 23:00:00'),
(311, 'plusle', 311, 4, 42, 142, 419, 1, '2022-03-04 23:00:00', '2022-03-04 23:00:00'),
(312, 'minun', 312, 4, 42, 142, 420, 1, '2022-03-04 23:00:00', '2022-03-04 23:00:00'),
(313, 'volbeat', 313, 7, 177, 151, 421, 1, '2022-03-04 23:00:00', '2022-03-04 23:00:00'),
(314, 'illumise', 314, 6, 177, 151, 422, 1, '2022-03-04 23:00:00', '2022-03-04 23:00:00'),
(315, 'roselia', 315, 3, 20, 140, 424, 1, '2022-03-04 23:00:00', '2022-03-04 23:00:00'),
(316, 'gulpin', 316, 4, 103, 60, 426, 1, '2022-03-04 23:00:00', '2022-03-04 23:00:00'),
(317, 'swalot', 317, 17, 800, 163, 427, 1, '2022-03-04 23:00:00', '2022-03-04 23:00:00'),
(318, 'carvanha', 318, 8, 208, 61, 428, 1, '2022-03-04 23:00:00', '2022-03-04 23:00:00'),
(319, 'sharpedo', 319, 18, 888, 161, 429, 1, '2022-03-04 23:00:00', '2022-03-04 23:00:00'),
(320, 'wailmer', 320, 20, 1300, 80, 431, 1, '2022-03-04 23:00:00', '2022-03-04 23:00:00'),
(321, 'wailord', 321, 145, 3980, 175, 432, 1, '2022-03-04 23:00:00', '2022-03-04 23:00:00'),
(322, 'numel', 322, 7, 240, 61, 433, 1, '2022-03-04 23:00:00', '2022-03-04 23:00:00'),
(323, 'camerupt', 323, 19, 2200, 161, 434, 1, '2022-03-04 23:00:00', '2022-03-04 23:00:00'),
(324, 'torkoal', 324, 5, 804, 165, 436, 1, '2022-03-04 23:00:00', '2022-03-04 23:00:00'),
(325, 'spoink', 325, 7, 306, 66, 437, 1, '2022-03-04 23:00:00', '2022-03-04 23:00:00'),
(326, 'grumpig', 326, 9, 715, 165, 438, 1, '2022-03-04 23:00:00', '2022-03-04 23:00:00'),
(327, 'spinda', 327, 11, 50, 126, 439, 1, '2022-03-04 23:00:00', '2022-03-04 23:00:00'),
(328, 'trapinch', 328, 7, 150, 58, 440, 1, '2022-03-04 23:00:00', '2022-03-04 23:00:00'),
(329, 'vibrava', 329, 11, 153, 119, 441, 1, '2022-03-04 23:00:00', '2022-03-04 23:00:00'),
(330, 'flygon', 330, 20, 820, 260, 442, 1, '2022-03-04 23:00:00', '2022-03-04 23:00:00'),
(331, 'cacnea', 331, 4, 513, 67, 443, 1, '2022-03-04 23:00:00', '2022-03-04 23:00:00'),
(332, 'cacturne', 332, 13, 774, 166, 444, 1, '2022-03-04 23:00:00', '2022-03-04 23:00:00'),
(333, 'swablu', 333, 4, 12, 62, 445, 1, '2022-03-04 23:00:00', '2022-03-04 23:00:00'),
(334, 'altaria', 334, 11, 206, 172, 446, 1, '2022-03-04 23:00:00', '2022-03-04 23:00:00'),
(335, 'zangoose', 335, 13, 403, 160, 448, 1, '2022-03-04 23:00:00', '2022-03-04 23:00:00'),
(336, 'seviper', 336, 27, 525, 160, 449, 1, '2022-03-04 23:00:00', '2022-03-04 23:00:00'),
(337, 'lunatone', 337, 10, 1680, 161, 450, 1, '2022-03-04 23:00:00', '2022-03-04 23:00:00'),
(338, 'solrock', 338, 12, 1540, 161, 451, 1, '2022-03-04 23:00:00', '2022-03-04 23:00:00'),
(339, 'barboach', 339, 4, 19, 58, 452, 1, '2022-03-04 23:00:00', '2022-03-04 23:00:00'),
(340, 'whiscash', 340, 9, 236, 164, 453, 1, '2022-03-04 23:00:00', '2022-03-04 23:00:00'),
(341, 'corphish', 341, 6, 115, 62, 454, 1, '2022-03-04 23:00:00', '2022-03-04 23:00:00'),
(342, 'crawdaunt', 342, 11, 328, 164, 455, 1, '2022-03-04 23:00:00', '2022-03-04 23:00:00'),
(343, 'baltoy', 343, 5, 215, 60, 456, 1, '2022-03-04 23:00:00', '2022-03-04 23:00:00'),
(344, 'claydol', 344, 15, 1080, 175, 457, 1, '2022-03-04 23:00:00', '2022-03-04 23:00:00'),
(345, 'lileep', 345, 10, 238, 71, 458, 1, '2022-03-04 23:00:00', '2022-03-04 23:00:00'),
(346, 'cradily', 346, 15, 604, 173, 459, 1, '2022-03-04 23:00:00', '2022-03-04 23:00:00'),
(347, 'anorith', 347, 7, 125, 71, 460, 1, '2022-03-04 23:00:00', '2022-03-04 23:00:00'),
(348, 'armaldo', 348, 15, 682, 173, 461, 1, '2022-03-04 23:00:00', '2022-03-04 23:00:00'),
(349, 'feebas', 349, 6, 74, 40, 462, 1, '2022-03-04 23:00:00', '2022-03-04 23:00:00'),
(350, 'milotic', 350, 62, 1620, 189, 463, 1, '2022-03-04 23:00:00', '2022-03-04 23:00:00'),
(351, 'castform', 351, 3, 8, 147, 464, 1, '2022-03-04 23:00:00', '2022-03-04 23:00:00'),
(352, 'kecleon', 352, 10, 220, 154, 468, 1, '2022-03-04 23:00:00', '2022-03-04 23:00:00'),
(353, 'shuppet', 353, 6, 23, 59, 469, 1, '2022-03-04 23:00:00', '2022-03-04 23:00:00'),
(354, 'banette', 354, 11, 125, 159, 470, 1, '2022-03-04 23:00:00', '2022-03-04 23:00:00'),
(355, 'duskull', 355, 8, 150, 59, 472, 1, '2022-03-04 23:00:00', '2022-03-04 23:00:00'),
(356, 'dusclops', 356, 16, 306, 159, 473, 1, '2022-03-04 23:00:00', '2022-03-04 23:00:00'),
(357, 'tropius', 357, 20, 1000, 161, 475, 1, '2022-03-04 23:00:00', '2022-03-04 23:00:00'),
(358, 'chimecho', 358, 6, 10, 159, 477, 1, '2022-03-04 23:00:00', '2022-03-04 23:00:00'),
(359, 'absol', 359, 12, 470, 163, 478, 1, '2022-03-04 23:00:00', '2022-03-04 23:00:00'),
(360, 'wynaut', 360, 6, 140, 52, 298, 1, '2022-03-04 23:00:00', '2022-03-04 23:00:00'),
(361, 'snorunt', 361, 7, 168, 60, 480, 1, '2022-03-04 23:00:00', '2022-03-04 23:00:00'),
(362, 'glalie', 362, 15, 2565, 168, 481, 1, '2022-03-04 23:00:00', '2022-03-04 23:00:00'),
(363, 'spheal', 363, 8, 395, 58, 484, 1, '2022-03-04 23:00:00', '2022-03-04 23:00:00'),
(364, 'sealeo', 364, 11, 876, 144, 485, 1, '2022-03-04 23:00:00', '2022-03-04 23:00:00'),
(365, 'walrein', 365, 14, 1506, 265, 486, 1, '2022-03-04 23:00:00', '2022-03-04 23:00:00'),
(366, 'clamperl', 366, 4, 525, 69, 487, 1, '2022-03-04 23:00:00', '2022-03-04 23:00:00'),
(367, 'huntail', 367, 17, 270, 170, 488, 1, '2022-03-04 23:00:00', '2022-03-04 23:00:00'),
(368, 'gorebyss', 368, 18, 226, 170, 489, 1, '2022-03-04 23:00:00', '2022-03-04 23:00:00'),
(369, 'relicanth', 369, 10, 234, 170, 490, 1, '2022-03-04 23:00:00', '2022-03-04 23:00:00'),
(370, 'luvdisc', 370, 6, 87, 116, 491, 1, '2022-03-04 23:00:00', '2022-03-04 23:00:00'),
(371, 'bagon', 371, 6, 421, 60, 492, 1, '2022-03-04 23:00:00', '2022-03-04 23:00:00'),
(372, 'shelgon', 372, 11, 1105, 147, 493, 1, '2022-03-04 23:00:00', '2022-03-04 23:00:00'),
(373, 'salamence', 373, 15, 1026, 300, 494, 1, '2022-03-04 23:00:00', '2022-03-04 23:00:00'),
(374, 'beldum', 374, 6, 952, 60, 496, 1, '2022-03-04 23:00:00', '2022-03-04 23:00:00'),
(375, 'metang', 375, 12, 2025, 147, 497, 1, '2022-03-04 23:00:00', '2022-03-04 23:00:00'),
(376, 'metagross', 376, 16, 5500, 300, 498, 1, '2022-03-04 23:00:00', '2022-03-04 23:00:00'),
(377, 'regirock', 377, 17, 2300, 290, 500, 1, '2022-03-04 23:00:00', '2022-03-04 23:00:00'),
(378, 'regice', 378, 18, 1750, 290, 501, 1, '2022-03-04 23:00:00', '2022-03-04 23:00:00'),
(379, 'registeel', 379, 19, 2050, 290, 502, 1, '2022-03-04 23:00:00', '2022-03-04 23:00:00'),
(380, 'latias', 380, 14, 400, 300, 503, 1, '2022-03-04 23:00:00', '2022-03-04 23:00:00'),
(381, 'latios', 381, 20, 600, 300, 505, 1, '2022-03-04 23:00:00', '2022-03-04 23:00:00'),
(382, 'kyogre', 382, 45, 3520, 335, 507, 1, '2022-03-04 23:00:00', '2022-03-04 23:00:00'),
(383, 'groudon', 383, 35, 9500, 335, 509, 1, '2022-03-04 23:00:00', '2022-03-04 23:00:00'),
(384, 'rayquaza', 384, 70, 2065, 340, 511, 1, '2022-03-04 23:00:00', '2022-03-04 23:00:00'),
(385, 'jirachi', 385, 3, 11, 300, 513, 1, '2022-03-04 23:00:00', '2022-03-04 23:00:00'),
(386, 'deoxys-normal', 386, 17, 608, 270, 514, 1, '2022-03-04 23:00:00', '2022-03-04 23:00:00');

-- --------------------------------------------------------

--
-- Table structure for table `regions`
--

CREATE TABLE `regions` (
  `id` bigint(20) UNSIGNED NOT NULL,
  `identifier` varchar(255) COLLATE utf8mb4_unicode_ci NOT NULL,
  `created_at` timestamp NULL DEFAULT NULL,
  `updated_at` timestamp NULL DEFAULT NULL
) ENGINE=InnoDB DEFAULT CHARSET=utf8mb4 COLLATE=utf8mb4_unicode_ci;

--
-- Dumping data for table `regions`
--

INSERT INTO `regions` (`id`, `identifier`, `created_at`, `updated_at`) VALUES
(1, 'kanto', '2022-03-04 23:00:00', '2022-03-04 23:00:00'),
(2, 'johto', '2022-03-04 23:00:00', '2022-03-04 23:00:00'),
(3, 'hoenn', '2022-03-04 23:00:00', '2022-03-04 23:00:00'),
(4, 'sinnoh', '2022-03-04 23:00:00', '2022-03-04 23:00:00'),
(5, 'unova', '2022-03-04 23:00:00', '2022-03-04 23:00:00'),
(6, 'kalos', '2022-03-04 23:00:00', '2022-03-04 23:00:00'),
(7, 'alola', '2022-03-04 23:00:00', '2022-03-04 23:00:00'),
(8, 'galar', '2022-03-04 23:00:00', '2022-03-04 23:00:00');

-- --------------------------------------------------------

--
-- Table structure for table `shapes`
--

CREATE TABLE `shapes` (
  `id` bigint(20) UNSIGNED NOT NULL,
  `identifier` varchar(255) COLLATE utf8mb4_unicode_ci NOT NULL,
  `created_at` timestamp NULL DEFAULT NULL,
  `updated_at` timestamp NULL DEFAULT NULL
) ENGINE=InnoDB DEFAULT CHARSET=utf8mb4 COLLATE=utf8mb4_unicode_ci;

--
-- Dumping data for table `shapes`
--

INSERT INTO `shapes` (`id`, `identifier`, `created_at`, `updated_at`) VALUES
(1, 'ball', '2022-03-04 23:00:00', '2022-03-04 23:00:00'),
(2, 'squiggle', '2022-03-04 23:00:00', '2022-03-04 23:00:00'),
(3, 'fish', '2022-03-04 23:00:00', '2022-03-04 23:00:00'),
(4, 'arms', '2022-03-04 23:00:00', '2022-03-04 23:00:00'),
(5, 'blob', '2022-03-04 23:00:00', '2022-03-04 23:00:00'),
(6, 'upright', '2022-03-04 23:00:00', '2022-03-04 23:00:00'),
(7, 'legs', '2022-03-04 23:00:00', '2022-03-04 23:00:00'),
(8, 'quadruped', '2022-03-04 23:00:00', '2022-03-04 23:00:00'),
(9, 'wings', '2022-03-04 23:00:00', '2022-03-04 23:00:00'),
(10, 'tentacles', '2022-03-04 23:00:00', '2022-03-04 23:00:00'),
(11, 'heads', '2022-03-04 23:00:00', '2022-03-04 23:00:00'),
(12, 'humanoid', '2022-03-04 23:00:00', '2022-03-04 23:00:00'),
(13, 'bug-wings', '2022-03-04 23:00:00', '2022-03-04 23:00:00'),
(14, 'armor', '2022-03-04 23:00:00', '2022-03-04 23:00:00');

-- --------------------------------------------------------

--
-- Table structure for table `species`
--

CREATE TABLE `species` (
  `id` bigint(20) UNSIGNED NOT NULL,
  `identifier` varchar(255) COLLATE utf8mb4_unicode_ci NOT NULL,
  `generation_id` bigint(20) UNSIGNED NOT NULL,
  `color_id` bigint(20) UNSIGNED NOT NULL,
  `shape_id` bigint(20) UNSIGNED NOT NULL,
  `habitat_id` bigint(20) UNSIGNED NOT NULL,
  `gender_rate` int(11) NOT NULL,
  `capture_rate` int(11) NOT NULL,
  `base_happiness` int(11) NOT NULL,
  `created_at` timestamp NULL DEFAULT NULL,
  `updated_at` timestamp NULL DEFAULT NULL
) ENGINE=InnoDB DEFAULT CHARSET=utf8mb4 COLLATE=utf8mb4_unicode_ci;

--
-- Dumping data for table `species`
--

INSERT INTO `species` (`id`, `identifier`, `generation_id`, `color_id`, `shape_id`, `habitat_id`, `gender_rate`, `capture_rate`, `base_happiness`, `created_at`, `updated_at`) VALUES
(1, 'bulbasaur', 1, 5, 8, 3, 1, 45, 50, '2022-03-04 23:00:00', '2022-03-04 23:00:00'),
(2, 'ivysaur', 1, 5, 8, 3, 1, 45, 50, '2022-03-04 23:00:00', '2022-03-04 23:00:00'),
(3, 'venusaur', 1, 5, 8, 3, 1, 45, 50, '2022-03-04 23:00:00', '2022-03-04 23:00:00'),
(4, 'charmander', 1, 8, 6, 4, 1, 45, 50, '2022-03-04 23:00:00', '2022-03-04 23:00:00'),
(5, 'charmeleon', 1, 8, 6, 4, 1, 45, 50, '2022-03-04 23:00:00', '2022-03-04 23:00:00'),
(6, 'charizard', 1, 8, 6, 4, 1, 45, 50, '2022-03-04 23:00:00', '2022-03-04 23:00:00'),
(7, 'squirtle', 1, 2, 6, 9, 1, 45, 50, '2022-03-04 23:00:00', '2022-03-04 23:00:00'),
(8, 'wartortle', 1, 2, 6, 9, 1, 45, 50, '2022-03-04 23:00:00', '2022-03-04 23:00:00'),
(9, 'blastoise', 1, 2, 6, 9, 1, 45, 50, '2022-03-04 23:00:00', '2022-03-04 23:00:00'),
(10, 'caterpie', 1, 5, 14, 2, 4, 255, 50, '2022-03-04 23:00:00', '2022-03-04 23:00:00'),
(11, 'metapod', 1, 5, 2, 2, 4, 120, 50, '2022-03-04 23:00:00', '2022-03-04 23:00:00'),
(12, 'butterfree', 1, 9, 13, 2, 4, 45, 50, '2022-03-04 23:00:00', '2022-03-04 23:00:00'),
(13, 'weedle', 1, 3, 14, 2, 4, 255, 70, '2022-03-04 23:00:00', '2022-03-04 23:00:00'),
(14, 'kakuna', 1, 10, 2, 2, 4, 120, 70, '2022-03-04 23:00:00', '2022-03-04 23:00:00'),
(15, 'beedrill', 1, 10, 13, 2, 4, 45, 70, '2022-03-04 23:00:00', '2022-03-04 23:00:00'),
(16, 'pidgey', 1, 3, 9, 2, 4, 255, 70, '2022-03-04 23:00:00', '2022-03-04 23:00:00'),
(17, 'pidgeotto', 1, 3, 9, 2, 4, 120, 70, '2022-03-04 23:00:00', '2022-03-04 23:00:00'),
(18, 'pidgeot', 1, 3, 9, 2, 4, 45, 70, '2022-03-04 23:00:00', '2022-03-04 23:00:00'),
(19, 'rattata', 1, 7, 8, 3, 4, 255, 70, '2022-03-04 23:00:00', '2022-03-04 23:00:00'),
(20, 'raticate', 1, 3, 8, 3, 4, 127, 70, '2022-03-04 23:00:00', '2022-03-04 23:00:00'),
(21, 'spearow', 1, 3, 9, 6, 4, 255, 70, '2022-03-04 23:00:00', '2022-03-04 23:00:00'),
(22, 'fearow', 1, 3, 9, 6, 4, 90, 70, '2022-03-04 23:00:00', '2022-03-04 23:00:00'),
(23, 'ekans', 1, 7, 2, 3, 4, 255, 70, '2022-03-04 23:00:00', '2022-03-04 23:00:00'),
(24, 'arbok', 1, 7, 2, 3, 4, 90, 70, '2022-03-04 23:00:00', '2022-03-06 15:33:55'),
(25, 'pikachu', 1, 10, 8, 2, 4, 190, 50, '2022-03-04 23:00:00', '2022-03-04 23:00:00'),
(26, 'raichu', 1, 10, 6, 2, 4, 75, 50, '2022-03-04 23:00:00', '2022-03-04 23:00:00'),
(27, 'sandshrew', 1, 10, 6, 6, 4, 255, 50, '2022-03-04 23:00:00', '2022-03-04 23:00:00'),
(28, 'sandslash', 1, 10, 6, 6, 4, 90, 50, '2022-03-04 23:00:00', '2022-03-04 23:00:00'),
(29, 'nidoran-f', 1, 2, 8, 3, 8, 235, 50, '2022-03-04 23:00:00', '2022-03-04 23:00:00'),
(30, 'nidorina', 1, 2, 8, 3, 8, 120, 50, '2022-03-04 23:00:00', '2022-03-04 23:00:00'),
(31, 'nidoqueen', 1, 2, 6, 3, 8, 45, 50, '2022-03-04 23:00:00', '2022-03-04 23:00:00'),
(32, 'nidoran-m', 1, 7, 8, 3, 0, 235, 50, '2022-03-04 23:00:00', '2022-03-04 23:00:00'),
(33, 'nidorino', 1, 7, 8, 3, 0, 120, 50, '2022-03-04 23:00:00', '2022-03-04 23:00:00'),
(34, 'nidoking', 1, 7, 6, 3, 0, 45, 50, '2022-03-04 23:00:00', '2022-03-04 23:00:00'),
(35, 'clefairy', 1, 6, 6, 4, 6, 150, 140, '2022-03-04 23:00:00', '2022-03-04 23:00:00'),
(36, 'clefable', 1, 6, 6, 4, 6, 25, 140, '2022-03-04 23:00:00', '2022-03-04 23:00:00'),
(37, 'vulpix', 1, 3, 8, 3, 6, 190, 50, '2022-03-04 23:00:00', '2022-03-04 23:00:00'),
(38, 'ninetales', 1, 10, 8, 3, 6, 75, 50, '2022-03-04 23:00:00', '2022-03-04 23:00:00'),
(39, 'jigglypuff', 1, 6, 12, 3, 6, 170, 50, '2022-03-04 23:00:00', '2022-03-04 23:00:00'),
(40, 'wigglytuff', 1, 6, 12, 3, 6, 50, 50, '2022-03-04 23:00:00', '2022-03-04 23:00:00'),
(41, 'zubat', 1, 7, 9, 1, 4, 255, 50, '2022-03-04 23:00:00', '2022-03-04 23:00:00'),
(42, 'golbat', 1, 7, 9, 1, 4, 90, 50, '2022-03-04 23:00:00', '2022-03-04 23:00:00'),
(43, 'oddish', 1, 2, 7, 3, 4, 255, 50, '2022-03-04 23:00:00', '2022-03-04 23:00:00'),
(44, 'gloom', 1, 2, 12, 3, 4, 120, 50, '2022-03-04 23:00:00', '2022-03-04 23:00:00'),
(45, 'vileplume', 1, 8, 12, 3, 4, 45, 50, '2022-03-04 23:00:00', '2022-03-04 23:00:00'),
(46, 'paras', 1, 8, 14, 2, 4, 190, 70, '2022-03-04 23:00:00', '2022-03-04 23:00:00'),
(47, 'parasect', 1, 8, 14, 2, 4, 75, 70, '2022-03-04 23:00:00', '2022-03-04 23:00:00'),
(48, 'venonat', 1, 7, 12, 2, 4, 190, 70, '2022-03-04 23:00:00', '2022-03-04 23:00:00'),
(49, 'venomoth', 1, 7, 13, 2, 4, 75, 70, '2022-03-04 23:00:00', '2022-03-04 23:00:00'),
(50, 'diglett', 1, 3, 5, 1, 4, 255, 50, '2022-03-04 23:00:00', '2022-03-04 23:00:00'),
(51, 'dugtrio', 1, 3, 11, 1, 4, 50, 50, '2022-03-04 23:00:00', '2022-03-04 23:00:00'),
(52, 'meowth', 1, 10, 8, 8, 4, 255, 50, '2022-03-04 23:00:00', '2022-03-04 23:00:00'),
(53, 'persian', 1, 10, 8, 8, 4, 90, 50, '2022-03-04 23:00:00', '2022-03-04 23:00:00'),
(54, 'psyduck', 1, 10, 6, 9, 4, 190, 50, '2022-03-04 23:00:00', '2022-03-04 23:00:00'),
(55, 'golduck', 1, 2, 6, 9, 4, 75, 50, '2022-03-04 23:00:00', '2022-03-04 23:00:00'),
(56, 'mankey', 1, 3, 6, 4, 4, 190, 70, '2022-03-04 23:00:00', '2022-03-04 23:00:00'),
(57, 'primeape', 1, 3, 6, 4, 4, 75, 70, '2022-03-04 23:00:00', '2022-03-04 23:00:00'),
(58, 'growlithe', 1, 3, 8, 3, 2, 190, 50, '2022-03-04 23:00:00', '2022-03-04 23:00:00'),
(59, 'arcanine', 1, 3, 8, 3, 2, 75, 50, '2022-03-04 23:00:00', '2022-03-04 23:00:00'),
(60, 'poliwag', 1, 2, 7, 9, 4, 255, 50, '2022-03-04 23:00:00', '2022-03-04 23:00:00'),
(61, 'poliwhirl', 1, 2, 12, 9, 4, 120, 50, '2022-03-04 23:00:00', '2022-03-04 23:00:00'),
(62, 'poliwrath', 1, 2, 12, 9, 4, 45, 50, '2022-03-04 23:00:00', '2022-03-04 23:00:00'),
(63, 'abra', 1, 3, 6, 8, 2, 200, 50, '2022-03-04 23:00:00', '2022-03-04 23:00:00'),
(64, 'kadabra', 1, 3, 6, 8, 2, 100, 50, '2022-03-04 23:00:00', '2022-03-04 23:00:00'),
(65, 'alakazam', 1, 3, 12, 8, 2, 50, 50, '2022-03-04 23:00:00', '2022-03-04 23:00:00'),
(66, 'machop', 1, 4, 6, 4, 2, 180, 50, '2022-03-04 23:00:00', '2022-03-04 23:00:00'),
(67, 'machoke', 1, 4, 12, 4, 2, 90, 50, '2022-03-04 23:00:00', '2022-03-04 23:00:00'),
(68, 'machamp', 1, 4, 12, 4, 2, 45, 50, '2022-03-04 23:00:00', '2022-03-04 23:00:00'),
(69, 'bellsprout', 1, 5, 12, 2, 4, 255, 70, '2022-03-04 23:00:00', '2022-03-04 23:00:00'),
(70, 'weepinbell', 1, 5, 5, 2, 4, 120, 70, '2022-03-04 23:00:00', '2022-03-04 23:00:00'),
(71, 'victreebel', 1, 5, 5, 2, 4, 45, 70, '2022-03-04 23:00:00', '2022-03-04 23:00:00'),
(72, 'tentacool', 1, 2, 10, 7, 4, 190, 50, '2022-03-04 23:00:00', '2022-03-04 23:00:00'),
(73, 'tentacruel', 1, 2, 10, 7, 4, 60, 50, '2022-03-04 23:00:00', '2022-03-04 23:00:00'),
(74, 'geodude', 1, 3, 4, 4, 4, 255, 70, '2022-03-04 23:00:00', '2022-03-04 23:00:00'),
(75, 'graveler', 1, 3, 12, 4, 4, 120, 70, '2022-03-04 23:00:00', '2022-03-04 23:00:00'),
(76, 'golem', 1, 3, 12, 4, 4, 45, 70, '2022-03-04 23:00:00', '2022-03-04 23:00:00'),
(77, 'ponyta', 1, 10, 8, 3, 4, 190, 50, '2022-03-04 23:00:00', '2022-03-04 23:00:00'),
(78, 'rapidash', 1, 10, 8, 3, 4, 60, 50, '2022-03-04 23:00:00', '2022-03-04 23:00:00'),
(79, 'slowpoke', 1, 6, 8, 9, 4, 190, 50, '2022-03-04 23:00:00', '2022-03-04 23:00:00'),
(80, 'slowbro', 1, 6, 6, 9, 4, 75, 50, '2022-03-04 23:00:00', '2022-03-04 23:00:00'),
(81, 'magnemite', 1, 4, 4, 6, -1, 190, 50, '2022-03-04 23:00:00', '2022-03-04 23:00:00'),
(82, 'magneton', 1, 4, 11, 6, -1, 60, 50, '2022-03-04 23:00:00', '2022-03-04 23:00:00'),
(83, 'farfetchd', 1, 3, 9, 3, 4, 45, 50, '2022-03-04 23:00:00', '2022-03-04 23:00:00'),
(84, 'doduo', 1, 3, 7, 3, 4, 190, 70, '2022-03-04 23:00:00', '2022-03-04 23:00:00'),
(85, 'dodrio', 1, 3, 7, 3, 4, 45, 70, '2022-03-04 23:00:00', '2022-03-04 23:00:00'),
(86, 'seel', 1, 9, 3, 7, 4, 190, 70, '2022-03-04 23:00:00', '2022-03-04 23:00:00'),
(87, 'dewgong', 1, 9, 3, 7, 4, 75, 70, '2022-03-04 23:00:00', '2022-03-04 23:00:00'),
(88, 'grimer', 1, 7, 4, 8, 4, 190, 70, '2022-03-04 23:00:00', '2022-03-04 23:00:00'),
(89, 'muk', 1, 7, 4, 8, 4, 75, 70, '2022-03-04 23:00:00', '2022-03-04 23:00:00'),
(90, 'shellder', 1, 7, 1, 7, 4, 190, 50, '2022-03-04 23:00:00', '2022-03-04 23:00:00'),
(91, 'cloyster', 1, 7, 1, 7, 4, 60, 50, '2022-03-04 23:00:00', '2022-03-04 23:00:00'),
(92, 'gastly', 1, 7, 1, 1, 4, 190, 50, '2022-03-04 23:00:00', '2022-03-04 23:00:00'),
(93, 'haunter', 1, 7, 4, 1, 4, 90, 50, '2022-03-04 23:00:00', '2022-03-04 23:00:00'),
(94, 'gengar', 1, 7, 6, 1, 4, 45, 50, '2022-03-04 23:00:00', '2022-03-04 23:00:00'),
(95, 'onix', 1, 4, 2, 1, 4, 45, 50, '2022-03-04 23:00:00', '2022-03-04 23:00:00'),
(96, 'drowzee', 1, 10, 12, 3, 4, 190, 70, '2022-03-04 23:00:00', '2022-03-04 23:00:00'),
(97, 'hypno', 1, 10, 12, 3, 4, 75, 70, '2022-03-04 23:00:00', '2022-03-04 23:00:00'),
(98, 'krabby', 1, 8, 14, 9, 4, 225, 50, '2022-03-04 23:00:00', '2022-03-04 23:00:00'),
(99, 'kingler', 1, 8, 14, 9, 4, 60, 50, '2022-03-04 23:00:00', '2022-03-04 23:00:00'),
(100, 'voltorb', 1, 8, 1, 8, -1, 190, 70, '2022-03-04 23:00:00', '2022-03-04 23:00:00'),
(101, 'electrode', 1, 8, 1, 8, -1, 60, 70, '2022-03-04 23:00:00', '2022-03-04 23:00:00'),
(102, 'exeggcute', 1, 6, 11, 2, 4, 90, 50, '2022-03-04 23:00:00', '2022-03-04 23:00:00'),
(103, 'exeggutor', 1, 10, 7, 2, 4, 45, 50, '2022-03-04 23:00:00', '2022-03-04 23:00:00'),
(104, 'cubone', 1, 3, 6, 4, 4, 190, 50, '2022-03-04 23:00:00', '2022-03-04 23:00:00'),
(105, 'marowak', 1, 3, 6, 4, 4, 75, 50, '2022-03-04 23:00:00', '2022-03-04 23:00:00'),
(106, 'hitmonlee', 1, 3, 12, 8, 0, 45, 50, '2022-03-04 23:00:00', '2022-03-04 23:00:00'),
(107, 'hitmonchan', 1, 3, 12, 8, 0, 45, 50, '2022-03-04 23:00:00', '2022-03-04 23:00:00'),
(108, 'lickitung', 1, 6, 6, 3, 4, 45, 50, '2022-03-04 23:00:00', '2022-03-04 23:00:00'),
(109, 'koffing', 1, 7, 1, 8, 4, 190, 50, '2022-03-04 23:00:00', '2022-03-04 23:00:00'),
(110, 'weezing', 1, 7, 11, 8, 4, 60, 50, '2022-03-04 23:00:00', '2022-03-04 23:00:00'),
(111, 'rhyhorn', 1, 4, 8, 6, 4, 120, 50, '2022-03-04 23:00:00', '2022-03-04 23:00:00'),
(112, 'rhydon', 1, 4, 6, 6, 4, 60, 50, '2022-03-04 23:00:00', '2022-03-04 23:00:00'),
(113, 'chansey', 1, 6, 6, 8, 8, 30, 140, '2022-03-04 23:00:00', '2022-03-04 23:00:00'),
(114, 'tangela', 1, 2, 7, 3, 4, 45, 50, '2022-03-04 23:00:00', '2022-03-04 23:00:00'),
(115, 'kangaskhan', 1, 3, 6, 3, 8, 45, 50, '2022-03-04 23:00:00', '2022-03-04 23:00:00'),
(116, 'horsea', 1, 2, 5, 7, 4, 225, 50, '2022-03-04 23:00:00', '2022-03-04 23:00:00'),
(117, 'seadra', 1, 2, 5, 7, 4, 75, 50, '2022-03-04 23:00:00', '2022-03-04 23:00:00'),
(118, 'goldeen', 1, 8, 3, 9, 4, 225, 50, '2022-03-04 23:00:00', '2022-03-04 23:00:00'),
(119, 'seaking', 1, 8, 3, 9, 4, 60, 50, '2022-03-04 23:00:00', '2022-03-04 23:00:00'),
(120, 'staryu', 1, 3, 5, 7, -1, 225, 50, '2022-03-04 23:00:00', '2022-03-04 23:00:00'),
(121, 'starmie', 1, 7, 5, 7, -1, 60, 50, '2022-03-04 23:00:00', '2022-03-04 23:00:00'),
(122, 'mr-mime', 1, 6, 12, 8, 4, 45, 50, '2022-03-04 23:00:00', '2022-03-04 23:00:00'),
(123, 'scyther', 1, 5, 13, 3, 4, 45, 50, '2022-03-04 23:00:00', '2022-03-04 23:00:00'),
(124, 'jynx', 1, 8, 12, 8, 8, 45, 50, '2022-03-04 23:00:00', '2022-03-04 23:00:00'),
(125, 'electabuzz', 1, 10, 6, 3, 2, 45, 50, '2022-03-04 23:00:00', '2022-03-04 23:00:00'),
(126, 'magmar', 1, 8, 6, 4, 2, 45, 50, '2022-03-04 23:00:00', '2022-03-04 23:00:00'),
(127, 'pinsir', 1, 3, 12, 2, 4, 45, 50, '2022-03-04 23:00:00', '2022-03-04 23:00:00'),
(128, 'tauros', 1, 3, 8, 3, 0, 45, 50, '2022-03-04 23:00:00', '2022-03-04 23:00:00'),
(129, 'magikarp', 1, 8, 3, 9, 4, 255, 50, '2022-03-04 23:00:00', '2022-03-04 23:00:00'),
(130, 'gyarados', 1, 2, 2, 9, 4, 45, 50, '2022-03-04 23:00:00', '2022-03-04 23:00:00'),
(131, 'lapras', 1, 2, 3, 7, 4, 45, 50, '2022-03-04 23:00:00', '2022-03-04 23:00:00'),
(132, 'ditto', 1, 7, 1, 8, -1, 35, 50, '2022-03-04 23:00:00', '2022-03-04 23:00:00'),
(133, 'eevee', 1, 3, 8, 8, 1, 45, 50, '2022-03-04 23:00:00', '2022-03-04 23:00:00'),
(134, 'vaporeon', 1, 2, 8, 8, 1, 45, 50, '2022-03-04 23:00:00', '2022-03-04 23:00:00'),
(135, 'jolteon', 1, 10, 8, 8, 1, 45, 50, '2022-03-04 23:00:00', '2022-03-04 23:00:00'),
(136, 'flareon', 1, 8, 8, 8, 1, 45, 50, '2022-03-04 23:00:00', '2022-03-04 23:00:00'),
(137, 'porygon', 1, 6, 7, 8, -1, 45, 50, '2022-03-04 23:00:00', '2022-03-04 23:00:00'),
(138, 'omanyte', 1, 2, 10, 7, 1, 45, 50, '2022-03-04 23:00:00', '2022-03-04 23:00:00'),
(139, 'omastar', 1, 2, 10, 7, 1, 45, 50, '2022-03-04 23:00:00', '2022-03-04 23:00:00'),
(140, 'kabuto', 1, 3, 14, 7, 1, 45, 50, '2022-03-04 23:00:00', '2022-03-04 23:00:00'),
(141, 'kabutops', 1, 3, 6, 7, 1, 45, 50, '2022-03-04 23:00:00', '2022-03-04 23:00:00'),
(142, 'aerodactyl', 1, 7, 9, 4, 1, 45, 50, '2022-03-04 23:00:00', '2022-03-04 23:00:00'),
(143, 'snorlax', 1, 1, 12, 4, 1, 25, 50, '2022-03-04 23:00:00', '2022-03-04 23:00:00'),
(144, 'articuno', 1, 2, 9, 5, -1, 3, 35, '2022-03-04 23:00:00', '2022-03-04 23:00:00'),
(145, 'zapdos', 1, 10, 9, 5, -1, 3, 35, '2022-03-04 23:00:00', '2022-03-04 23:00:00'),
(146, 'moltres', 1, 10, 9, 5, -1, 3, 35, '2022-03-04 23:00:00', '2022-03-04 23:00:00'),
(147, 'dratini', 1, 2, 2, 9, 4, 45, 35, '2022-03-04 23:00:00', '2022-03-04 23:00:00'),
(148, 'dragonair', 1, 2, 2, 9, 4, 45, 35, '2022-03-04 23:00:00', '2022-03-04 23:00:00'),
(149, 'dragonite', 1, 3, 6, 9, 4, 45, 35, '2022-03-04 23:00:00', '2022-03-04 23:00:00'),
(150, 'mewtwo', 1, 7, 6, 5, -1, 3, 0, '2022-03-04 23:00:00', '2022-03-04 23:00:00'),
(151, 'mew', 1, 6, 6, 5, -1, 45, 100, '2022-03-04 23:00:00', '2022-03-04 23:00:00'),
(152, 'chikorita', 2, 5, 8, 3, 1, 45, 70, '2022-03-04 23:00:00', '2022-03-04 23:00:00'),
(153, 'bayleef', 2, 5, 8, 3, 1, 45, 70, '2022-03-04 23:00:00', '2022-03-04 23:00:00'),
(154, 'meganium', 2, 5, 8, 3, 1, 45, 70, '2022-03-04 23:00:00', '2022-03-04 23:00:00'),
(155, 'cyndaquil', 2, 10, 12, 3, 1, 45, 70, '2022-03-04 23:00:00', '2022-03-04 23:00:00'),
(156, 'quilava', 2, 10, 8, 3, 1, 45, 70, '2022-03-04 23:00:00', '2022-03-04 23:00:00'),
(157, 'typhlosion', 2, 10, 8, 3, 1, 45, 70, '2022-03-04 23:00:00', '2022-03-04 23:00:00'),
(158, 'totodile', 2, 2, 6, 9, 1, 45, 70, '2022-03-04 23:00:00', '2022-03-04 23:00:00'),
(159, 'croconaw', 2, 2, 6, 9, 1, 45, 70, '2022-03-04 23:00:00', '2022-03-04 23:00:00'),
(160, 'feraligatr', 2, 2, 6, 9, 1, 45, 70, '2022-03-04 23:00:00', '2022-03-04 23:00:00'),
(161, 'sentret', 2, 3, 8, 3, 4, 255, 70, '2022-03-04 23:00:00', '2022-03-04 23:00:00'),
(162, 'furret', 2, 3, 8, 3, 4, 90, 70, '2022-03-04 23:00:00', '2022-03-04 23:00:00'),
(163, 'hoothoot', 2, 3, 9, 2, 4, 255, 50, '2022-03-04 23:00:00', '2022-03-04 23:00:00'),
(164, 'noctowl', 2, 3, 9, 2, 4, 90, 50, '2022-03-04 23:00:00', '2022-03-04 23:00:00'),
(165, 'ledyba', 2, 8, 9, 2, 4, 255, 70, '2022-03-04 23:00:00', '2022-03-04 23:00:00'),
(166, 'ledian', 2, 8, 9, 2, 4, 90, 70, '2022-03-04 23:00:00', '2022-03-04 23:00:00'),
(167, 'spinarak', 2, 5, 14, 2, 4, 255, 70, '2022-03-04 23:00:00', '2022-03-04 23:00:00'),
(168, 'ariados', 2, 8, 14, 2, 4, 90, 70, '2022-03-04 23:00:00', '2022-03-04 23:00:00'),
(169, 'crobat', 2, 7, 13, 1, 4, 90, 50, '2022-03-04 23:00:00', '2022-03-04 23:00:00'),
(170, 'chinchou', 2, 2, 3, 7, 4, 190, 50, '2022-03-04 23:00:00', '2022-03-04 23:00:00'),
(171, 'lanturn', 2, 2, 3, 7, 4, 75, 50, '2022-03-04 23:00:00', '2022-03-04 23:00:00'),
(172, 'pichu', 2, 10, 8, 2, 4, 190, 50, '2022-03-04 23:00:00', '2022-03-04 23:00:00'),
(173, 'cleffa', 2, 6, 6, 4, 6, 150, 140, '2022-03-04 23:00:00', '2022-03-04 23:00:00'),
(174, 'igglybuff', 2, 6, 12, 3, 6, 170, 50, '2022-03-04 23:00:00', '2022-03-04 23:00:00'),
(175, 'togepi', 2, 9, 12, 2, 1, 190, 50, '2022-03-04 23:00:00', '2022-03-04 23:00:00'),
(176, 'togetic', 2, 9, 12, 2, 1, 75, 50, '2022-03-04 23:00:00', '2022-03-04 23:00:00'),
(177, 'natu', 2, 5, 9, 2, 4, 190, 50, '2022-03-04 23:00:00', '2022-03-04 23:00:00'),
(178, 'xatu', 2, 5, 9, 2, 4, 75, 50, '2022-03-04 23:00:00', '2022-03-04 23:00:00'),
(179, 'mareep', 2, 9, 8, 3, 4, 235, 70, '2022-03-04 23:00:00', '2022-03-04 23:00:00'),
(180, 'flaaffy', 2, 6, 6, 3, 4, 120, 70, '2022-03-04 23:00:00', '2022-03-04 23:00:00'),
(181, 'ampharos', 2, 10, 6, 3, 4, 45, 70, '2022-03-04 23:00:00', '2022-03-04 23:00:00'),
(182, 'bellossom', 2, 5, 12, 3, 4, 45, 50, '2022-03-04 23:00:00', '2022-03-04 23:00:00'),
(183, 'marill', 2, 2, 6, 9, 4, 190, 50, '2022-03-04 23:00:00', '2022-03-04 23:00:00'),
(184, 'azumarill', 2, 2, 6, 9, 4, 75, 50, '2022-03-04 23:00:00', '2022-03-04 23:00:00'),
(185, 'sudowoodo', 2, 3, 12, 2, 4, 65, 50, '2022-03-04 23:00:00', '2022-03-04 23:00:00'),
(186, 'politoed', 2, 5, 12, 9, 4, 45, 50, '2022-03-04 23:00:00', '2022-03-04 23:00:00'),
(187, 'hoppip', 2, 6, 6, 3, 4, 255, 70, '2022-03-04 23:00:00', '2022-03-04 23:00:00'),
(188, 'skiploom', 2, 5, 6, 3, 4, 120, 70, '2022-03-04 23:00:00', '2022-03-04 23:00:00'),
(189, 'jumpluff', 2, 2, 6, 3, 4, 45, 70, '2022-03-04 23:00:00', '2022-03-04 23:00:00'),
(190, 'aipom', 2, 7, 6, 2, 4, 45, 70, '2022-03-04 23:00:00', '2022-03-04 23:00:00'),
(191, 'sunkern', 2, 10, 1, 3, 4, 235, 70, '2022-03-04 23:00:00', '2022-03-04 23:00:00'),
(192, 'sunflora', 2, 10, 12, 3, 4, 120, 70, '2022-03-04 23:00:00', '2022-03-04 23:00:00'),
(193, 'yanma', 2, 8, 13, 2, 4, 75, 70, '2022-03-04 23:00:00', '2022-03-04 23:00:00'),
(194, 'wooper', 2, 2, 7, 9, 4, 255, 50, '2022-03-04 23:00:00', '2022-03-04 23:00:00'),
(195, 'quagsire', 2, 2, 6, 9, 4, 90, 50, '2022-03-04 23:00:00', '2022-03-04 23:00:00'),
(196, 'espeon', 2, 7, 8, 8, 1, 45, 50, '2022-03-04 23:00:00', '2022-03-04 23:00:00'),
(197, 'umbreon', 2, 1, 8, 8, 1, 45, 35, '2022-03-04 23:00:00', '2022-03-04 23:00:00'),
(198, 'murkrow', 2, 1, 9, 2, 4, 30, 35, '2022-03-04 23:00:00', '2022-03-04 23:00:00'),
(199, 'slowking', 2, 6, 6, 9, 4, 70, 50, '2022-03-04 23:00:00', '2022-03-04 23:00:00'),
(200, 'misdreavus', 2, 4, 1, 1, 4, 45, 35, '2022-03-04 23:00:00', '2022-03-04 23:00:00'),
(201, 'unown', 2, 1, 1, 5, -1, 225, 70, '2022-03-04 23:00:00', '2022-03-04 23:00:00'),
(202, 'wobbuffet', 2, 2, 5, 1, 4, 45, 50, '2022-03-04 23:00:00', '2022-03-04 23:00:00'),
(203, 'girafarig', 2, 10, 8, 3, 4, 60, 70, '2022-03-04 23:00:00', '2022-03-04 23:00:00'),
(204, 'pineco', 2, 4, 1, 2, 4, 190, 70, '2022-03-04 23:00:00', '2022-03-04 23:00:00'),
(205, 'forretress', 2, 7, 1, 2, 4, 75, 70, '2022-03-04 23:00:00', '2022-03-04 23:00:00'),
(206, 'dunsparce', 2, 10, 2, 1, 4, 190, 50, '2022-03-04 23:00:00', '2022-03-04 23:00:00'),
(207, 'gligar', 2, 7, 9, 4, 4, 60, 70, '2022-03-04 23:00:00', '2022-03-04 23:00:00'),
(208, 'steelix', 2, 4, 2, 1, 4, 25, 50, '2022-03-04 23:00:00', '2022-03-04 23:00:00'),
(209, 'snubbull', 2, 6, 12, 8, 6, 190, 70, '2022-03-04 23:00:00', '2022-03-04 23:00:00'),
(210, 'granbull', 2, 7, 6, 8, 6, 75, 70, '2022-03-04 23:00:00', '2022-03-04 23:00:00'),
(211, 'qwilfish', 2, 4, 3, 7, 4, 45, 50, '2022-03-04 23:00:00', '2022-03-04 23:00:00'),
(212, 'scizor', 2, 8, 13, 3, 4, 25, 50, '2022-03-04 23:00:00', '2022-03-04 23:00:00'),
(213, 'shuckle', 2, 10, 14, 4, 4, 190, 50, '2022-03-04 23:00:00', '2022-03-04 23:00:00'),
(214, 'heracross', 2, 2, 12, 2, 4, 45, 50, '2022-03-04 23:00:00', '2022-03-04 23:00:00'),
(215, 'sneasel', 2, 1, 6, 2, 4, 60, 35, '2022-03-04 23:00:00', '2022-03-04 23:00:00'),
(216, 'teddiursa', 2, 3, 6, 4, 4, 120, 70, '2022-03-04 23:00:00', '2022-03-04 23:00:00'),
(217, 'ursaring', 2, 3, 6, 4, 4, 60, 70, '2022-03-04 23:00:00', '2022-03-04 23:00:00'),
(218, 'slugma', 2, 8, 2, 4, 4, 190, 70, '2022-03-04 23:00:00', '2022-03-04 23:00:00'),
(219, 'magcargo', 2, 8, 2, 4, 4, 75, 70, '2022-03-04 23:00:00', '2022-03-04 23:00:00'),
(220, 'swinub', 2, 3, 8, 1, 4, 225, 50, '2022-03-04 23:00:00', '2022-03-04 23:00:00'),
(221, 'piloswine', 2, 3, 8, 1, 4, 75, 50, '2022-03-04 23:00:00', '2022-03-04 23:00:00'),
(222, 'corsola', 2, 6, 14, 7, 6, 60, 50, '2022-03-04 23:00:00', '2022-03-04 23:00:00'),
(223, 'remoraid', 2, 4, 3, 7, 4, 190, 50, '2022-03-04 23:00:00', '2022-03-04 23:00:00'),
(224, 'octillery', 2, 8, 10, 7, 4, 75, 50, '2022-03-04 23:00:00', '2022-03-04 23:00:00'),
(225, 'delibird', 2, 8, 9, 4, 4, 45, 50, '2022-03-04 23:00:00', '2022-03-04 23:00:00'),
(226, 'mantine', 2, 7, 9, 7, 4, 25, 50, '2022-03-04 23:00:00', '2022-03-04 23:00:00'),
(227, 'skarmory', 2, 4, 9, 6, 4, 25, 50, '2022-03-04 23:00:00', '2022-03-04 23:00:00'),
(228, 'houndour', 2, 1, 8, 6, 4, 120, 35, '2022-03-04 23:00:00', '2022-03-04 23:00:00'),
(229, 'houndoom', 2, 1, 8, 6, 4, 45, 35, '2022-03-04 23:00:00', '2022-03-04 23:00:00'),
(230, 'kingdra', 2, 2, 5, 7, 4, 45, 50, '2022-03-04 23:00:00', '2022-03-04 23:00:00'),
(231, 'phanpy', 2, 2, 8, 6, 4, 120, 70, '2022-03-04 23:00:00', '2022-03-04 23:00:00'),
(232, 'donphan', 2, 4, 8, 6, 4, 60, 70, '2022-03-04 23:00:00', '2022-03-04 23:00:00'),
(233, 'porygon2', 2, 8, 7, 8, -1, 45, 50, '2022-03-04 23:00:00', '2022-03-04 23:00:00'),
(234, 'stantler', 2, 3, 8, 2, 4, 45, 70, '2022-03-04 23:00:00', '2022-03-04 23:00:00'),
(235, 'smeargle', 2, 9, 6, 8, 4, 45, 70, '2022-03-04 23:00:00', '2022-03-04 23:00:00'),
(236, 'tyrogue', 2, 7, 12, 8, 0, 75, 50, '2022-03-04 23:00:00', '2022-03-04 23:00:00'),
(237, 'hitmontop', 2, 3, 6, 8, 0, 45, 50, '2022-03-04 23:00:00', '2022-03-04 23:00:00'),
(238, 'smoochum', 2, 6, 12, 8, 8, 45, 50, '2022-03-04 23:00:00', '2022-03-04 23:00:00'),
(239, 'elekid', 2, 10, 12, 3, 2, 45, 50, '2022-03-04 23:00:00', '2022-03-04 23:00:00'),
(240, 'magby', 2, 8, 6, 4, 2, 45, 50, '2022-03-04 23:00:00', '2022-03-04 23:00:00'),
(241, 'miltank', 2, 6, 6, 3, 8, 45, 50, '2022-03-04 23:00:00', '2022-03-04 23:00:00'),
(242, 'blissey', 2, 6, 12, 8, 8, 30, 140, '2022-03-04 23:00:00', '2022-03-04 23:00:00'),
(243, 'raikou', 2, 10, 8, 3, -1, 3, 35, '2022-03-04 23:00:00', '2022-03-04 23:00:00'),
(244, 'entei', 2, 3, 8, 3, -1, 3, 35, '2022-03-04 23:00:00', '2022-03-04 23:00:00'),
(245, 'suicune', 2, 2, 8, 3, -1, 3, 35, '2022-03-04 23:00:00', '2022-03-04 23:00:00'),
(246, 'larvitar', 2, 5, 6, 4, 4, 45, 35, '2022-03-04 23:00:00', '2022-03-04 23:00:00'),
(247, 'pupitar', 2, 4, 2, 4, 4, 45, 35, '2022-03-04 23:00:00', '2022-03-04 23:00:00'),
(248, 'tyranitar', 2, 5, 6, 4, 4, 45, 35, '2022-03-04 23:00:00', '2022-03-04 23:00:00'),
(249, 'lugia', 2, 9, 9, 5, -1, 3, 0, '2022-03-04 23:00:00', '2022-03-04 23:00:00'),
(250, 'ho-oh', 2, 8, 9, 5, -1, 3, 0, '2022-03-04 23:00:00', '2022-03-04 23:00:00'),
(251, 'celebi', 2, 5, 12, 2, -1, 45, 100, '2022-03-04 23:00:00', '2022-03-04 23:00:00'),
(252, 'treecko', 3, 5, 6, 2, 1, 45, 50, '2022-03-04 23:00:00', '2022-03-04 23:00:00'),
(253, 'grovyle', 3, 5, 6, 2, 1, 45, 50, '2022-03-04 23:00:00', '2022-03-04 23:00:00'),
(254, 'sceptile', 3, 5, 6, 2, 1, 45, 50, '2022-03-04 23:00:00', '2022-03-04 23:00:00'),
(255, 'torchic', 3, 8, 7, 3, 1, 45, 50, '2022-03-04 23:00:00', '2022-03-04 23:00:00'),
(256, 'combusken', 3, 8, 6, 3, 1, 45, 50, '2022-03-04 23:00:00', '2022-03-04 23:00:00'),
(257, 'blaziken', 3, 8, 6, 3, 1, 45, 50, '2022-03-04 23:00:00', '2022-03-04 23:00:00'),
(258, 'mudkip', 3, 2, 8, 9, 1, 45, 50, '2022-03-04 23:00:00', '2022-03-04 23:00:00'),
(259, 'marshtomp', 3, 2, 6, 9, 1, 45, 50, '2022-03-04 23:00:00', '2022-03-04 23:00:00'),
(260, 'swampert', 3, 2, 6, 9, 1, 45, 50, '2022-03-04 23:00:00', '2022-03-04 23:00:00'),
(261, 'poochyena', 3, 4, 8, 3, 4, 255, 70, '2022-03-04 23:00:00', '2022-03-04 23:00:00'),
(262, 'mightyena', 3, 4, 8, 3, 4, 127, 70, '2022-03-04 23:00:00', '2022-03-04 23:00:00'),
(263, 'zigzagoon', 3, 3, 8, 3, 4, 255, 50, '2022-03-04 23:00:00', '2022-03-04 23:00:00'),
(264, 'linoone', 3, 9, 8, 3, 4, 90, 50, '2022-03-04 23:00:00', '2022-03-04 23:00:00'),
(265, 'wurmple', 3, 8, 14, 2, 4, 255, 70, '2022-03-04 23:00:00', '2022-03-04 23:00:00'),
(266, 'silcoon', 3, 9, 1, 2, 4, 120, 70, '2022-03-04 23:00:00', '2022-03-04 23:00:00'),
(267, 'beautifly', 3, 10, 13, 2, 4, 45, 70, '2022-03-04 23:00:00', '2022-03-04 23:00:00'),
(268, 'cascoon', 3, 7, 1, 2, 4, 120, 70, '2022-03-04 23:00:00', '2022-03-04 23:00:00'),
(269, 'dustox', 3, 5, 13, 2, 4, 45, 70, '2022-03-04 23:00:00', '2022-03-04 23:00:00'),
(270, 'lotad', 3, 5, 14, 9, 4, 255, 50, '2022-03-04 23:00:00', '2022-03-04 23:00:00'),
(271, 'lombre', 3, 5, 12, 9, 4, 120, 50, '2022-03-04 23:00:00', '2022-03-04 23:00:00'),
(272, 'ludicolo', 3, 5, 12, 9, 4, 45, 50, '2022-03-04 23:00:00', '2022-03-04 23:00:00'),
(273, 'seedot', 3, 3, 7, 2, 4, 255, 50, '2022-03-04 23:00:00', '2022-03-04 23:00:00'),
(274, 'nuzleaf', 3, 3, 12, 2, 4, 120, 50, '2022-03-04 23:00:00', '2022-03-04 23:00:00'),
(275, 'shiftry', 3, 3, 12, 2, 4, 45, 50, '2022-03-04 23:00:00', '2022-03-04 23:00:00'),
(276, 'taillow', 3, 2, 9, 3, 4, 200, 70, '2022-03-04 23:00:00', '2022-03-04 23:00:00'),
(277, 'swellow', 3, 2, 9, 3, 4, 45, 70, '2022-03-04 23:00:00', '2022-03-04 23:00:00'),
(278, 'wingull', 3, 9, 9, 7, 4, 190, 50, '2022-03-04 23:00:00', '2022-03-04 23:00:00'),
(279, 'pelipper', 3, 10, 9, 7, 4, 45, 50, '2022-03-04 23:00:00', '2022-03-04 23:00:00'),
(280, 'ralts', 3, 9, 12, 8, 4, 235, 35, '2022-03-04 23:00:00', '2022-03-04 23:00:00'),
(281, 'kirlia', 3, 9, 12, 8, 4, 120, 35, '2022-03-04 23:00:00', '2022-03-04 23:00:00'),
(282, 'gardevoir', 3, 9, 12, 8, 4, 45, 35, '2022-03-04 23:00:00', '2022-03-04 23:00:00'),
(283, 'surskit', 3, 2, 14, 9, 4, 200, 70, '2022-03-04 23:00:00', '2022-03-04 23:00:00'),
(284, 'masquerain', 3, 2, 13, 9, 4, 75, 70, '2022-03-04 23:00:00', '2022-03-04 23:00:00'),
(285, 'shroomish', 3, 3, 7, 2, 4, 255, 70, '2022-03-04 23:00:00', '2022-03-04 23:00:00'),
(286, 'breloom', 3, 5, 6, 2, 4, 90, 70, '2022-03-04 23:00:00', '2022-03-04 23:00:00'),
(287, 'slakoth', 3, 3, 8, 2, 4, 255, 70, '2022-03-04 23:00:00', '2022-03-04 23:00:00'),
(288, 'vigoroth', 3, 9, 6, 2, 4, 120, 70, '2022-03-04 23:00:00', '2022-03-04 23:00:00'),
(289, 'slaking', 3, 3, 12, 2, 4, 45, 70, '2022-03-04 23:00:00', '2022-03-04 23:00:00'),
(290, 'nincada', 3, 4, 14, 2, 4, 255, 50, '2022-03-04 23:00:00', '2022-03-04 23:00:00'),
(291, 'ninjask', 3, 10, 13, 2, 4, 120, 50, '2022-03-04 23:00:00', '2022-03-04 23:00:00'),
(292, 'shedinja', 3, 3, 5, 2, -1, 45, 50, '2022-03-04 23:00:00', '2022-03-04 23:00:00'),
(293, 'whismur', 3, 6, 6, 1, 4, 190, 50, '2022-03-04 23:00:00', '2022-03-04 23:00:00'),
(294, 'loudred', 3, 2, 6, 1, 4, 120, 50, '2022-03-04 23:00:00', '2022-03-04 23:00:00'),
(295, 'exploud', 3, 2, 6, 1, 4, 45, 50, '2022-03-04 23:00:00', '2022-03-04 23:00:00'),
(296, 'makuhita', 3, 10, 12, 4, 2, 180, 70, '2022-03-04 23:00:00', '2022-03-04 23:00:00'),
(297, 'hariyama', 3, 3, 12, 4, 2, 200, 70, '2022-03-04 23:00:00', '2022-03-04 23:00:00'),
(298, 'azurill', 3, 2, 7, 9, 6, 150, 50, '2022-03-04 23:00:00', '2022-03-04 23:00:00'),
(299, 'nosepass', 3, 4, 12, 1, 4, 255, 70, '2022-03-04 23:00:00', '2022-03-04 23:00:00'),
(300, 'skitty', 3, 6, 8, 2, 6, 255, 70, '2022-03-04 23:00:00', '2022-03-04 23:00:00'),
(301, 'delcatty', 3, 7, 8, 2, 6, 60, 70, '2022-03-04 23:00:00', '2022-03-04 23:00:00'),
(302, 'sableye', 3, 7, 12, 1, 4, 45, 35, '2022-03-04 23:00:00', '2022-03-04 23:00:00'),
(303, 'mawile', 3, 1, 12, 1, 4, 45, 50, '2022-03-04 23:00:00', '2022-03-04 23:00:00'),
(304, 'aron', 3, 4, 8, 4, 4, 180, 35, '2022-03-04 23:00:00', '2022-03-04 23:00:00'),
(305, 'lairon', 3, 4, 8, 4, 4, 90, 35, '2022-03-04 23:00:00', '2022-03-04 23:00:00'),
(306, 'aggron', 3, 4, 6, 4, 4, 45, 35, '2022-03-04 23:00:00', '2022-03-04 23:00:00'),
(307, 'meditite', 3, 2, 12, 4, 4, 180, 70, '2022-03-04 23:00:00', '2022-03-04 23:00:00'),
(308, 'medicham', 3, 8, 12, 4, 4, 90, 70, '2022-03-04 23:00:00', '2022-03-04 23:00:00'),
(309, 'electrike', 3, 5, 8, 3, 4, 120, 50, '2022-03-04 23:00:00', '2022-03-04 23:00:00'),
(310, 'manectric', 3, 10, 8, 3, 4, 45, 50, '2022-03-04 23:00:00', '2022-03-04 23:00:00'),
(311, 'plusle', 3, 10, 6, 3, 4, 200, 70, '2022-03-04 23:00:00', '2022-03-04 23:00:00'),
(312, 'minun', 3, 10, 6, 3, 4, 200, 70, '2022-03-04 23:00:00', '2022-03-04 23:00:00'),
(313, 'volbeat', 3, 4, 6, 2, 0, 150, 70, '2022-03-04 23:00:00', '2022-03-04 23:00:00'),
(314, 'illumise', 3, 7, 12, 2, 8, 150, 70, '2022-03-04 23:00:00', '2022-03-04 23:00:00'),
(315, 'roselia', 3, 5, 12, 3, 4, 150, 50, '2022-03-04 23:00:00', '2022-03-04 23:00:00'),
(316, 'gulpin', 3, 5, 4, 3, 4, 225, 70, '2022-03-04 23:00:00', '2022-03-04 23:00:00'),
(317, 'swalot', 3, 7, 4, 3, 4, 75, 70, '2022-03-04 23:00:00', '2022-03-04 23:00:00'),
(318, 'carvanha', 3, 8, 3, 7, 4, 225, 35, '2022-03-04 23:00:00', '2022-03-04 23:00:00'),
(319, 'sharpedo', 3, 2, 3, 7, 4, 60, 35, '2022-03-04 23:00:00', '2022-03-04 23:00:00'),
(320, 'wailmer', 3, 2, 3, 7, 4, 125, 50, '2022-03-04 23:00:00', '2022-03-04 23:00:00'),
(321, 'wailord', 3, 2, 3, 7, 4, 60, 50, '2022-03-04 23:00:00', '2022-03-04 23:00:00'),
(322, 'numel', 3, 10, 8, 4, 4, 255, 70, '2022-03-04 23:00:00', '2022-03-04 23:00:00'),
(323, 'camerupt', 3, 8, 8, 4, 4, 150, 70, '2022-03-04 23:00:00', '2022-03-04 23:00:00'),
(324, 'torkoal', 3, 3, 8, 4, 4, 90, 50, '2022-03-04 23:00:00', '2022-03-04 23:00:00'),
(325, 'spoink', 3, 1, 4, 4, 4, 255, 70, '2022-03-04 23:00:00', '2022-03-04 23:00:00'),
(326, 'grumpig', 3, 7, 6, 4, 4, 60, 70, '2022-03-04 23:00:00', '2022-03-04 23:00:00'),
(327, 'spinda', 3, 3, 6, 4, 4, 255, 70, '2022-03-04 23:00:00', '2022-03-04 23:00:00'),
(328, 'trapinch', 3, 3, 14, 6, 4, 255, 50, '2022-03-04 23:00:00', '2022-03-04 23:00:00'),
(329, 'vibrava', 3, 5, 13, 6, 4, 120, 50, '2022-03-04 23:00:00', '2022-03-04 23:00:00'),
(330, 'flygon', 3, 5, 9, 6, 4, 45, 50, '2022-03-04 23:00:00', '2022-03-04 23:00:00'),
(331, 'cacnea', 3, 5, 12, 6, 4, 190, 35, '2022-03-04 23:00:00', '2022-03-04 23:00:00'),
(332, 'cacturne', 3, 5, 12, 6, 4, 60, 35, '2022-03-04 23:00:00', '2022-03-04 23:00:00'),
(333, 'swablu', 3, 2, 9, 2, 4, 255, 50, '2022-03-04 23:00:00', '2022-03-04 23:00:00'),
(334, 'altaria', 3, 2, 9, 2, 4, 45, 50, '2022-03-04 23:00:00', '2022-03-04 23:00:00'),
(335, 'zangoose', 3, 9, 6, 3, 4, 90, 70, '2022-03-04 23:00:00', '2022-03-04 23:00:00'),
(336, 'seviper', 3, 1, 2, 3, 4, 90, 70, '2022-03-04 23:00:00', '2022-03-04 23:00:00'),
(337, 'lunatone', 3, 10, 1, 1, -1, 45, 50, '2022-03-04 23:00:00', '2022-03-04 23:00:00'),
(338, 'solrock', 3, 8, 1, 1, -1, 45, 50, '2022-03-04 23:00:00', '2022-03-04 23:00:00'),
(339, 'barboach', 3, 4, 3, 9, 4, 190, 50, '2022-03-04 23:00:00', '2022-03-04 23:00:00'),
(340, 'whiscash', 3, 2, 3, 9, 4, 75, 50, '2022-03-04 23:00:00', '2022-03-04 23:00:00'),
(341, 'corphish', 3, 8, 14, 9, 4, 205, 50, '2022-03-04 23:00:00', '2022-03-04 23:00:00'),
(342, 'crawdaunt', 3, 8, 14, 9, 4, 155, 50, '2022-03-04 23:00:00', '2022-03-04 23:00:00'),
(343, 'baltoy', 3, 3, 4, 6, -1, 255, 50, '2022-03-04 23:00:00', '2022-03-04 23:00:00'),
(344, 'claydol', 3, 1, 4, 6, -1, 90, 50, '2022-03-04 23:00:00', '2022-03-04 23:00:00'),
(345, 'lileep', 3, 7, 5, 7, 1, 45, 50, '2022-03-04 23:00:00', '2022-03-04 23:00:00'),
(346, 'cradily', 3, 5, 5, 7, 1, 45, 50, '2022-03-04 23:00:00', '2022-03-04 23:00:00'),
(347, 'anorith', 3, 4, 14, 9, 1, 45, 50, '2022-03-04 23:00:00', '2022-03-04 23:00:00'),
(348, 'armaldo', 3, 4, 6, 9, 1, 45, 50, '2022-03-04 23:00:00', '2022-03-04 23:00:00'),
(349, 'feebas', 3, 3, 3, 9, 4, 255, 50, '2022-03-04 23:00:00', '2022-03-04 23:00:00'),
(350, 'milotic', 3, 6, 2, 9, 4, 60, 50, '2022-03-04 23:00:00', '2022-03-04 23:00:00'),
(351, 'castform', 3, 4, 1, 3, 4, 45, 70, '2022-03-04 23:00:00', '2022-03-04 23:00:00'),
(352, 'kecleon', 3, 5, 6, 2, 4, 200, 70, '2022-03-04 23:00:00', '2022-03-04 23:00:00'),
(353, 'shuppet', 3, 1, 1, 8, 4, 225, 35, '2022-03-04 23:00:00', '2022-03-04 23:00:00'),
(354, 'banette', 3, 1, 6, 8, 4, 45, 35, '2022-03-04 23:00:00', '2022-03-04 23:00:00'),
(355, 'duskull', 3, 1, 4, 2, 4, 190, 35, '2022-03-04 23:00:00', '2022-03-04 23:00:00'),
(356, 'dusclops', 3, 1, 12, 2, 4, 90, 35, '2022-03-04 23:00:00', '2022-03-04 23:00:00'),
(357, 'tropius', 3, 5, 8, 2, 4, 200, 70, '2022-03-04 23:00:00', '2022-03-04 23:00:00'),
(358, 'chimecho', 3, 2, 4, 3, 4, 45, 70, '2022-03-04 23:00:00', '2022-03-04 23:00:00'),
(359, 'absol', 3, 9, 8, 4, 4, 30, 35, '2022-03-04 23:00:00', '2022-03-04 23:00:00'),
(360, 'wynaut', 3, 2, 6, 1, 4, 125, 50, '2022-03-04 23:00:00', '2022-03-04 23:00:00'),
(361, 'snorunt', 3, 4, 12, 1, 4, 190, 50, '2022-03-04 23:00:00', '2022-03-04 23:00:00'),
(362, 'glalie', 3, 4, 1, 1, 4, 75, 50, '2022-03-04 23:00:00', '2022-03-04 23:00:00'),
(363, 'spheal', 3, 2, 3, 7, 4, 255, 50, '2022-03-04 23:00:00', '2022-03-04 23:00:00'),
(364, 'sealeo', 3, 2, 3, 7, 4, 120, 50, '2022-03-04 23:00:00', '2022-03-04 23:00:00'),
(365, 'walrein', 3, 2, 8, 7, 4, 45, 50, '2022-03-04 23:00:00', '2022-03-04 23:00:00'),
(366, 'clamperl', 3, 2, 1, 7, 4, 255, 70, '2022-03-04 23:00:00', '2022-03-04 23:00:00'),
(367, 'huntail', 3, 2, 2, 7, 4, 60, 70, '2022-03-04 23:00:00', '2022-03-04 23:00:00'),
(368, 'gorebyss', 3, 6, 2, 7, 4, 60, 70, '2022-03-04 23:00:00', '2022-03-04 23:00:00'),
(369, 'relicanth', 3, 4, 3, 7, 1, 25, 50, '2022-03-04 23:00:00', '2022-03-04 23:00:00'),
(370, 'luvdisc', 3, 6, 3, 7, 6, 225, 70, '2022-03-04 23:00:00', '2022-03-04 23:00:00'),
(371, 'bagon', 3, 2, 12, 6, 4, 45, 35, '2022-03-04 23:00:00', '2022-03-04 23:00:00'),
(372, 'shelgon', 3, 9, 8, 6, 4, 45, 35, '2022-03-04 23:00:00', '2022-03-04 23:00:00'),
(373, 'salamence', 3, 2, 8, 6, 4, 45, 35, '2022-03-04 23:00:00', '2022-03-04 23:00:00'),
(374, 'beldum', 3, 2, 5, 6, -1, 3, 35, '2022-03-04 23:00:00', '2022-03-04 23:00:00'),
(375, 'metang', 3, 2, 4, 6, -1, 3, 35, '2022-03-04 23:00:00', '2022-03-04 23:00:00'),
(376, 'metagross', 3, 2, 11, 6, -1, 3, 35, '2022-03-04 23:00:00', '2022-03-04 23:00:00'),
(377, 'regirock', 3, 3, 12, 1, -1, 3, 35, '2022-03-04 23:00:00', '2022-03-04 23:00:00'),
(378, 'regice', 3, 2, 12, 1, -1, 3, 35, '2022-03-04 23:00:00', '2022-03-04 23:00:00'),
(379, 'registeel', 3, 4, 12, 1, -1, 3, 35, '2022-03-04 23:00:00', '2022-03-04 23:00:00'),
(380, 'latias', 3, 8, 9, 9, 8, 3, 90, '2022-03-04 23:00:00', '2022-03-04 23:00:00'),
(381, 'latios', 3, 2, 9, 9, 0, 3, 90, '2022-03-04 23:00:00', '2022-03-04 23:00:00'),
(382, 'kyogre', 3, 2, 3, 7, -1, 3, 0, '2022-03-04 23:00:00', '2022-03-04 23:00:00'),
(383, 'groudon', 3, 8, 6, 6, -1, 3, 0, '2022-03-04 23:00:00', '2022-03-04 23:00:00'),
(384, 'rayquaza', 3, 5, 2, 5, -1, 45, 0, '2022-03-04 23:00:00', '2022-03-04 23:00:00'),
(385, 'jirachi', 3, 10, 12, 4, -1, 3, 100, '2022-03-04 23:00:00', '2022-03-04 23:00:00'),
(386, 'deoxys', 3, 8, 12, 5, -1, 3, 0, '2022-03-04 23:00:00', '2022-03-04 23:00:00');

-- --------------------------------------------------------

--
-- Table structure for table `users`
--

CREATE TABLE `users` (
  `id` bigint(20) UNSIGNED NOT NULL,
  `name` varchar(255) COLLATE utf8mb4_unicode_ci NOT NULL,
  `email` varchar(255) COLLATE utf8mb4_unicode_ci NOT NULL,
  `email_verified_at` timestamp NULL DEFAULT NULL,
  `password` varchar(255) COLLATE utf8mb4_unicode_ci NOT NULL,
  `remember_token` varchar(100) COLLATE utf8mb4_unicode_ci DEFAULT NULL,
  `created_at` timestamp NULL DEFAULT NULL,
  `updated_at` timestamp NULL DEFAULT NULL
) ENGINE=InnoDB DEFAULT CHARSET=utf8mb4 COLLATE=utf8mb4_unicode_ci;

--
-- Dumping data for table `users`
--

INSERT INTO `users` (`id`, `name`, `email`, `email_verified_at`, `password`, `remember_token`, `created_at`, `updated_at`) VALUES
(1, 'The Tester', 'tester@mail.com', '2022-03-06 17:26:24', '$2y$10$92IXUNpkjO0rOQ5byMi.Ye4oKoEa3Ro9llC/.og/at2.uheWG/igi', 'ZljMqBRoUG', '2022-03-06 17:26:24', '2022-03-06 17:26:24'),
(2, 'Dahlia Bashirian', 'elaina70@example.com', '2022-03-06 17:26:24', '$2y$10$92IXUNpkjO0rOQ5byMi.Ye4oKoEa3Ro9llC/.og/at2.uheWG/igi', 'v4L7lCFuy8', '2022-03-06 17:26:24', '2022-03-06 17:26:24'),
(3, 'Elnora DuBuque', 'gordon.wehner@example.com', '2022-03-06 17:26:24', '$2y$10$92IXUNpkjO0rOQ5byMi.Ye4oKoEa3Ro9llC/.og/at2.uheWG/igi', 'm7GmbHCnN2', '2022-03-06 17:26:24', '2022-03-06 17:26:24'),
(4, 'Everardo Grimes', 'hintz.augustine@example.net', '2022-03-06 17:26:24', '$2y$10$92IXUNpkjO0rOQ5byMi.Ye4oKoEa3Ro9llC/.og/at2.uheWG/igi', 'y2NeCNmwzh', '2022-03-06 17:26:24', '2022-03-06 17:26:24');

--
-- Indexes for dumped tables
--

--
-- Indexes for table `colors`
--
ALTER TABLE `colors`
  ADD PRIMARY KEY (`id`);

--
-- Indexes for table `failed_jobs`
--
ALTER TABLE `failed_jobs`
  ADD PRIMARY KEY (`id`),
  ADD UNIQUE KEY `failed_jobs_uuid_unique` (`uuid`);

--
-- Indexes for table `generations`
--
ALTER TABLE `generations`
  ADD PRIMARY KEY (`id`),
  ADD KEY `generations_region_id_index` (`region_id`);

--
-- Indexes for table `habitats`
--
ALTER TABLE `habitats`
  ADD PRIMARY KEY (`id`);

--
-- Indexes for table `migrations`
--
ALTER TABLE `migrations`
  ADD PRIMARY KEY (`id`);

--
-- Indexes for table `password_resets`
--
ALTER TABLE `password_resets`
  ADD KEY `password_resets_email_index` (`email`);

--
-- Indexes for table `personal_access_tokens`
--
ALTER TABLE `personal_access_tokens`
  ADD PRIMARY KEY (`id`),
  ADD UNIQUE KEY `personal_access_tokens_token_unique` (`token`),
  ADD KEY `personal_access_tokens_tokenable_type_tokenable_id_index` (`tokenable_type`,`tokenable_id`);

--
-- Indexes for table `pokemons`
--
ALTER TABLE `pokemons`
  ADD PRIMARY KEY (`id`),
  ADD KEY `pokemons_species_id_index` (`species_id`);

--
-- Indexes for table `regions`
--
ALTER TABLE `regions`
  ADD PRIMARY KEY (`id`);

--
-- Indexes for table `shapes`
--
ALTER TABLE `shapes`
  ADD PRIMARY KEY (`id`);

--
-- Indexes for table `species`
--
ALTER TABLE `species`
  ADD PRIMARY KEY (`id`),
  ADD KEY `species_generation_id_index` (`generation_id`),
  ADD KEY `species_color_id_index` (`color_id`),
  ADD KEY `species_shape_id_index` (`shape_id`),
  ADD KEY `species_habitat_id_index` (`habitat_id`);

--
-- Indexes for table `users`
--
ALTER TABLE `users`
  ADD PRIMARY KEY (`id`),
  ADD UNIQUE KEY `users_email_unique` (`email`);

--
-- AUTO_INCREMENT for dumped tables
--

--
-- AUTO_INCREMENT for table `colors`
--
ALTER TABLE `colors`
  MODIFY `id` bigint(20) UNSIGNED NOT NULL AUTO_INCREMENT, AUTO_INCREMENT=11;

--
-- AUTO_INCREMENT for table `failed_jobs`
--
ALTER TABLE `failed_jobs`
  MODIFY `id` bigint(20) UNSIGNED NOT NULL AUTO_INCREMENT;

--
-- AUTO_INCREMENT for table `generations`
--
ALTER TABLE `generations`
  MODIFY `id` bigint(20) UNSIGNED NOT NULL AUTO_INCREMENT, AUTO_INCREMENT=9;

--
-- AUTO_INCREMENT for table `habitats`
--
ALTER TABLE `habitats`
  MODIFY `id` bigint(20) UNSIGNED NOT NULL AUTO_INCREMENT, AUTO_INCREMENT=10;

--
-- AUTO_INCREMENT for table `migrations`
--
ALTER TABLE `migrations`
  MODIFY `id` int(10) UNSIGNED NOT NULL AUTO_INCREMENT, AUTO_INCREMENT=24;

--
-- AUTO_INCREMENT for table `personal_access_tokens`
--
ALTER TABLE `personal_access_tokens`
  MODIFY `id` bigint(20) UNSIGNED NOT NULL AUTO_INCREMENT;

--
-- AUTO_INCREMENT for table `pokemons`
--
ALTER TABLE `pokemons`
  MODIFY `id` bigint(20) UNSIGNED NOT NULL AUTO_INCREMENT, AUTO_INCREMENT=387;

--
-- AUTO_INCREMENT for table `regions`
--
ALTER TABLE `regions`
  MODIFY `id` bigint(20) UNSIGNED NOT NULL AUTO_INCREMENT, AUTO_INCREMENT=9;

--
-- AUTO_INCREMENT for table `shapes`
--
ALTER TABLE `shapes`
  MODIFY `id` bigint(20) UNSIGNED NOT NULL AUTO_INCREMENT, AUTO_INCREMENT=15;

--
-- AUTO_INCREMENT for table `species`
--
ALTER TABLE `species`
  MODIFY `id` bigint(20) UNSIGNED NOT NULL AUTO_INCREMENT, AUTO_INCREMENT=387;

--
-- AUTO_INCREMENT for table `users`
--
ALTER TABLE `users`
  MODIFY `id` bigint(20) UNSIGNED NOT NULL AUTO_INCREMENT, AUTO_INCREMENT=5;

--
-- Constraints for dumped tables
--

--
-- Constraints for table `generations`
--
ALTER TABLE `generations`
  ADD CONSTRAINT `generations_region_id_foreign` FOREIGN KEY (`region_id`) REFERENCES `regions` (`id`) ON DELETE CASCADE;

--
-- Constraints for table `pokemons`
--
ALTER TABLE `pokemons`
  ADD CONSTRAINT `pokemons_species_id_foreign` FOREIGN KEY (`species_id`) REFERENCES `species` (`id`) ON DELETE CASCADE;

--
-- Constraints for table `species`
--
ALTER TABLE `species`
  ADD CONSTRAINT `species_color_id_foreign` FOREIGN KEY (`color_id`) REFERENCES `colors` (`id`) ON DELETE CASCADE,
  ADD CONSTRAINT `species_generation_id_foreign` FOREIGN KEY (`generation_id`) REFERENCES `generations` (`id`) ON DELETE CASCADE,
  ADD CONSTRAINT `species_habitat_id_foreign` FOREIGN KEY (`habitat_id`) REFERENCES `habitats` (`id`) ON DELETE CASCADE,
  ADD CONSTRAINT `species_shape_id_foreign` FOREIGN KEY (`shape_id`) REFERENCES `shapes` (`id`) ON DELETE CASCADE;
COMMIT;

/*!40101 SET CHARACTER_SET_CLIENT=@OLD_CHARACTER_SET_CLIENT */;
/*!40101 SET CHARACTER_SET_RESULTS=@OLD_CHARACTER_SET_RESULTS */;
/*!40101 SET COLLATION_CONNECTION=@OLD_COLLATION_CONNECTION */;
